order,name,symbol,sector,industry,NIFTY,BANKNIFTY,NIFTYJR,CNX200,NIFTY_MID_SELECT,NIFTYSMLCAP250,NIFTY_TOTAL_MKT,CNX500,NIFTY_MICROCAP250,FO,FYERS_NAME
0,Reliance Industries Limited,RELIANCE,Energy Minerals,Oil Refining/Marketing,True,False,False,True,False,False,True,True,False,True,
1,HDFC Bank Limited,HDFCBANK,Finance,Major Banks,True,True,False,True,False,False,True,True,False,True,
2,Bharti Airtel Limited,BHARTIARTL,Communications,Wireless Telecommunications,True,False,False,True,False,False,True,True,False,True,
3,State Bank of India,SBIN,Finance,Regional Banks,True,True,False,True,False,False,True,True,False,True,
4,ICICI Bank Limited,ICICIBANK,Finance,Regional Banks,True,True,False,True,False,False,True,True,False,True,
5,Tata Consultancy Services Limited,TCS,Technology Services,Information Technology Services,True,False,False,True,False,False,True,True,False,True,
6,Bajaj Finance Limited,BAJFINANCE,Finance,Finance/Rental/Leasing,True,False,False,True,False,False,True,True,False,True,
7,Larsen & Toubro Limited,LT,Industrial Services,Engineering & Construction,True,False,False,True,False,False,True,True,False,True,
8,Infosys Limited,INFY,Technology Services,Information Technology Services,True,False,False,True,False,False,True,True,False,True,
9,Hindustan Unilever Limited,HINDUNILVR,Consumer Non-Durables,Household/Personal Care,True,False,False,True,False,False,True,True,False,True,
10,Life Insurance Corp. of India,LICI,Finance,Life/Health Insurance,False,False,False,False,True,False,True,True,False,True,
11,Maruti Suzuki India Limited,MARUTI,Consumer Durables,Motor Vehicles,True,False,False,True,False,False,True,True,False,True,
12,Axis Bank Limited,AXISBANK,Finance,Major Banks,True,True,False,True,False,False,True,True,False,True,
13,Sun Pharmaceutical Industries Limited,SUNPHARMA,Health Technology,Pharmaceuticals: Major,True,False,False,True,False,False,True,True,False,True,
14,Mahindra & Mahindra Ltd.,M&M,Consumer Durables,Motor Vehicles,True,False,False,True,False,False,True,True,False,True,
15,Titan Company Limited,TITAN,Consumer Durables,Other Consumer Specialties,True,False,False,True,False,False,True,True,False,True,
16,HCL Technologies Limited,HCLTECH,Technology Services,Information Technology Services,True,False,False,True,False,False,True,True,False,True,
17,ITC Limited,ITC,Consumer Non-Durables,Tobacco,True,False,False,True,False,False,True,True,False,True,
18,Kotak Mahindra Bank Limited,KOTAKBANK,Finance,Major Banks,True,True,False,True,False,False,True,True,False,True,
19,NTPC Limited,NTPC,Utilities,Electric Utilities,True,False,False,True,False,False,True,True,False,True,
20,Oil & Natural Gas Corp. Ltd.,ONGC,Energy Minerals,Oil Refining/Marketing,True,False,False,True,False,False,True,True,False,True,
21,UltraTech Cement Limited,ULTRACEMCO,Non-Energy Minerals,Construction Materials,True,False,False,True,False,False,True,True,False,True,
22,Adani Ports & Special Economic Zone Ltd,ADANIPORTS,Transportation,Other Transportation,True,False,False,True,False,False,True,True,False,True,
23,Adani Power Limited,ADANIPOWER,Utilities,Electric Utilities,False,False,True,True,False,False,True,True,False,True,
24,Bharat Electronics Limited,BEL,Electronic Technology,Aerospace & Defense,True,False,False,True,False,False,True,True,False,True,
25,JSW Steel Limited,JSWSTEEL,Non-Energy Minerals,Steel,True,False,False,True,False,False,True,True,False,True,
26,Bajaj Finserv Limited,BAJAJFINSV,Finance,Life/Health Insurance,True,False,False,True,False,False,True,True,False,True,
27,Avenue Supermarts Ltd.,DMART,Retail Trade,Specialty Stores,False,False,True,True,False,False,True,True,False,True,
28,Vedanta Limited,VEDL,Non-Energy Minerals,Aluminum,False,False,True,True,False,False,True,True,False,True,
29,Coal India Ltd.,COALINDIA,Energy Minerals,Coal,True,False,False,True,False,False,True,True,False,True,
30,Power Grid Corporation of India Limited,POWERGRID,Utilities,Alternative Power Generation,True,False,False,True,False,False,True,True,False,True,
31,Adani Enterprises Limited,ADANIENT,Distribution Services,Wholesale Distributors,True,False,False,True,False,False,True,True,False,True,
32,Bajaj Auto Limited,BAJAJ-AUTO,Consumer Durables,Motor Vehicles,True,False,False,True,False,False,True,True,False,True,
33,Hindustan Aeronautics Limited,HAL,Electronic Technology,Aerospace & Defense,False,False,True,True,False,False,True,True,False,True,
34,Tata Steel Limited,TATASTEEL,Non-Energy Minerals,Steel,True,False,False,True,False,False,True,True,False,True,
35,Hindustan Zinc Limited,HINDZINC,Non-Energy Minerals,Other Metals/Minerals,False,False,True,True,False,False,True,True,False,True,
36,Eternal Limited,ETERNAL,Technology Services,Internet Software/Services,True,False,False,True,False,False,True,True,False,True,
37,Nestle India Ltd.,NESTLEIND,Consumer Non-Durables,Food: Major Diversified,True,False,False,True,False,False,True,True,False,True,
38,Asian Paints Ltd.,ASIANPAINT,Process Industries,Industrial Specialties,True,False,False,True,False,False,True,True,False,True,
39,Hindalco Industries Limited,HINDALCO,Non-Energy Minerals,Other Metals/Minerals,True,False,False,True,False,False,True,True,False,True,
40,Wipro Limited,WIPRO,Technology Services,Information Technology Services,True,False,False,True,False,False,True,True,False,True,
41,Indian Oil Corp. Ltd.,IOC,Energy Minerals,Integrated Oil,False,False,True,True,False,False,True,True,False,True,
42,Eicher Motors Limited,EICHERMOT,Consumer Durables,Motor Vehicles,True,False,False,True,False,False,True,True,False,True,
43,Shriram Finance Limited,SHRIRAMFIN,Finance,Finance/Rental/Leasing,True,False,False,True,False,False,True,True,False,True,
44,SBI Life Insurance Co. Ltd.,SBILIFE,Finance,Life/Health Insurance,True,False,False,True,False,False,True,True,False,True,
45,Grasim Industries Ltd.,GRASIM,Non-Energy Minerals,Construction Materials,True,False,False,True,False,False,True,True,False,True,
46,InterGlobe Aviation Ltd,INDIGO,Transportation,Airlines,True,False,False,True,False,False,True,True,False,True,
47,TVS Motor Company Limited 6 % Non-Con Cum Red Pfd Shs 2025-18.08.26,TVSMNCRPS.P1,Consumer Durables,Motor Vehicles,False,False,False,False,False,False,False,False,False,False,
48,TVS Motor Company Limited,TVSMOTOR,Consumer Durables,Motor Vehicles,False,False,True,True,False,False,True,True,False,True,
49,Adani Green Energy Limited,ADANIGREEN,Utilities,Electric Utilities,False,False,True,True,False,False,True,True,False,True,
50,Tata Motors Limited,TMCV,Consumer Durables,Motor Vehicles,False,False,True,True,False,False,True,True,False,False,
51,Jio Financial Services Limited,JIOFIN,Finance,Financial Conglomerates,True,False,False,True,False,False,True,True,False,True,
52,Divi's Laboratories Limited,DIVISLAB,Health Technology,Pharmaceuticals: Major,False,False,True,True,False,False,True,True,False,True,
53,ICICI Prudential Asset Management Company Ltd.,ICICIAMC,Finance,Investment Managers,False,False,False,True,False,False,True,True,False,False,
54,Hyundai Motor India Limited,HYUNDAI,Consumer Durables,Motor Vehicles,False,False,True,True,False,False,True,True,False,True,
55,Bank of Baroda,BANKBARODA,Finance,Major Banks,False,True,True,True,False,False,True,True,False,True,
56,Varun Beverages Ltd.,VBL,Consumer Non-Durables,Beverages: Non-Alcoholic,False,False,True,True,False,False,True,True,False,True,
57,Tech Mahindra Limited,TECHM,Technology Services,Information Technology Services,True,False,False,True,False,False,True,True,False,True,
58,DLF Limited,DLF,Finance,Real Estate Development,False,False,True,True,False,False,True,True,False,True,
59,Union Bank of India Limited,UNIONBANK,Finance,Major Banks,False,True,True,True,False,False,True,True,False,True,
60,Muthoot Finance Ltd,MUTHOOTFIN,Finance,Finance/Rental/Leasing,False,False,True,True,False,False,True,True,False,True,
61,ABB India Limited,ABB,Producer Manufacturing,Electrical Products,False,False,True,True,False,False,True,True,False,True,
62,Trent Limited,TRENT,Retail Trade,Apparel/Footwear Retail,True,False,False,True,False,False,True,True,False,True,
63,Tata Capital Ltd.,TATACAP,Finance,Finance/Rental/Leasing,False,False,True,True,False,False,True,True,False,False,
64,Pidilite Industries Limited,PIDILITIND,Process Industries,Industrial Specialties,False,False,True,True,False,False,True,True,False,True,
65,Power Finance Corporation Limited,PFC,Finance,Finance/Rental/Leasing,False,False,True,True,False,False,True,True,False,True,
66,Torrent Pharmaceuticals Ltd,TORNTPHARM,Health Technology,Pharmaceuticals: Major,False,False,True,True,False,False,True,True,False,True,
67,Britannia Industries Ltd,BRITANNIA,Consumer Non-Durables,Food: Specialty/Candy,False,False,True,True,False,False,True,True,False,True,
68,LTM Limited,LTM,Technology Services,Data Processing Services,False,False,True,True,False,False,True,True,False,True,
69,Cummins India Limited,CUMMINSIND,Producer Manufacturing,Auto Parts: OEM,False,False,True,True,False,False,True,True,False,True,
70,Cholamandalam Investment and Finance Co. Ltd.,CHOLAFIN,Finance,Finance/Rental/Leasing,False,False,True,True,False,False,True,True,False,True,
71,Indian Railway Finance Corp. Ltd.,IRFC,Finance,Finance/Rental/Leasing,False,False,True,True,False,False,True,True,False,True,
72,Bharat Petroleum Corporation Limited,BPCL,Energy Minerals,Oil Refining/Marketing,False,False,True,True,False,False,True,True,False,True,
73,HDFC Life Insurance Co. Ltd.,HDFCLIFE,Finance,Multi-Line Insurance,True,False,False,True,False,False,True,True,False,True,
74,Adani Energy Solutions Ltd,ADANIENSOL,Utilities,Electric Utilities,False,False,True,True,False,False,True,True,False,True,
75,Indian Bank,INDIANB,Finance,Major Banks,False,False,False,True,True,False,True,True,False,True,
76,BSE Ltd.,BSE,Finance,Investment Banks/Brokers,False,False,False,True,True,False,True,True,False,True,
77,Punjab National Bank,PNB,Finance,Major Banks,False,True,True,True,False,False,True,True,False,True,
78,Canara Bank,CANBK,Finance,Major Banks,False,True,True,True,False,False,True,True,False,True,
79,Tata Power Company Limited,TATAPOWER,Utilities,Electric Utilities,False,False,True,True,False,False,True,True,False,True,
80,Samvardhana Motherson International Limited,MOTHERSON,Producer Manufacturing,Auto Parts: OEM,False,False,True,True,False,False,True,True,False,True,
81,Jindal Steel Limited,JINDALSTEL,Non-Energy Minerals,Steel,False,False,True,True,False,False,True,True,False,True,
82,Solar Industries India Limited,SOLARINDS,Process Industries,Industrial Specialties,False,False,True,True,False,False,True,True,False,True,
83,Tata Motors Passenger Vehicles Ltd,TMPV,Consumer Durables,Motor Vehicles,True,False,False,True,False,False,True,True,False,True,
84,Indus Towers Limited,INDUSTOWER,Finance,Finance/Rental/Leasing,False,False,False,True,True,False,True,True,False,True,
85,Hitachi Energy India Limited,POWERINDIA,Electronic Technology,Electronic Equipment/Instruments,False,False,False,True,False,False,True,True,False,True,
86,Siemens Limited,SIEMENS,Producer Manufacturing,Electrical Products,False,False,True,True,False,False,True,True,False,True,
87,Polycab India Ltd.,POLYCAB,Producer Manufacturing,Electrical Products,False,False,False,True,True,False,True,True,False,True,
88,CG Power & Industrial Solutions Ltd,CGPOWER,Producer Manufacturing,Electrical Products,False,False,True,True,False,False,True,True,False,True,
89,Billionbrains Garage Ventures Limited,GROWW,Miscellaneous,Investment Trusts/Mutual Funds,False,False,False,True,False,False,True,True,False,False,
90,Bajaj Holdings & Investment Limited.,BAJAJHLDNG,Finance,Financial Conglomerates,False,False,True,True,False,False,True,True,False,True,
91,Ambuja Cements Limited,AMBUJACEM,Non-Energy Minerals,Construction Materials,False,False,True,True,False,False,True,True,False,True,
92,Godrej Consumer Products Limited,GODREJCP,Consumer Non-Durables,Household/Personal Care,False,False,True,True,False,False,True,True,False,True,
93,HDFC Asset Management Co. Ltd.,HDFCAMC,Finance,Investment Managers,False,False,True,True,False,False,True,True,False,True,
94,Apollo Hospitals Enterprise Limited,APOLLOHOSP,Health Services,Hospital/Nursing Management,True,False,False,True,False,False,True,True,False,True,
95,Bosch Limited,BOSCHLTD,Producer Manufacturing,Auto Parts: OEM,False,False,True,True,False,False,True,True,False,True,
96,Hero Motocorp Limited,HEROMOTOCO,Consumer Durables,Motor Vehicles,False,False,False,True,True,False,True,True,False,True,
97,Tata Consumer Products Limited,TATACONSUM,Consumer Non-Durables,Food: Specialty/Candy,True,False,False,True,False,False,True,True,False,True,
98,Lupin Limited,LUPIN,Health Technology,Pharmaceuticals: Other,False,False,False,True,True,False,True,True,False,True,
99,Ashok Leyland Limited,ASHOKLEY,Producer Manufacturing,Trucks/Construction/Farm Machinery,False,False,False,True,True,False,True,True,False,True,
100,GMR Airports Ltd,GMRAIRPORT,Transportation,Other Transportation,False,False,False,True,False,False,True,True,False,True,
101,GAIL (India) Limited,GAIL,Utilities,Gas Distributors,False,False,True,True,False,False,True,True,False,True,
102,Vodafone Idea Ltd,IDEA,Communications,Wireless Telecommunications,False,False,False,True,False,False,True,True,False,True,
103,Dr. Reddy's Laboratories Ltd.,DRREDDY,Health Technology,Pharmaceuticals: Major,True,False,False,True,False,False,True,True,False,True,
104,Cipla Ltd,CIPLA,Health Technology,Pharmaceuticals: Other,True,False,False,True,False,False,True,True,False,True,
105,LG Electronics India Limited,LGEINDIA,Consumer Durables,Electronics/Appliances,False,False,False,True,False,False,True,True,False,False,
106,Marico Limited,MARICO,Consumer Non-Durables,Household/Personal Care,False,False,False,True,True,False,True,True,False,True,
107,Mazagon Dock Shipbuilders Ltd.,MAZDOCK,Producer Manufacturing,Trucks/Construction/Farm Machinery,False,False,True,True,False,False,True,True,False,True,
108,Siemens Energy India Limited,ENRIN,Producer Manufacturing,Electrical Products,False,False,True,True,False,False,True,True,False,False,
109,GE Vernova T&D India Limited,GVT&D,Producer Manufacturing,Electrical Products,False,False,False,True,False,False,True,True,False,False,
110,Bharat Heavy Electricals Limited,BHEL,Producer Manufacturing,Electrical Products,False,False,False,True,True,False,True,True,False,True,
111,Max Healthcare Institute Ltd,MAXHEALTH,Health Services,Hospital/Nursing Management,True,False,False,True,False,False,True,True,False,True,
112,United Spirits Limited,UNITDSPR,Consumer Non-Durables,Beverages: Alcoholic,False,False,True,True,False,False,True,True,False,True,
113,Indian Hotels Co. Ltd.,INDHOTEL,Consumer Services,Hotels/Resorts/Cruise lines,False,False,True,True,False,False,True,True,False,True,
114,REC Limited,RECLTD,Finance,Finance/Rental/Leasing,False,False,True,True,False,False,True,True,False,True,
115,WAAREE Energies Limited,WAAREEENER,Electronic Technology,Semiconductors,False,False,False,True,False,False,True,True,False,True,
116,Zydus Lifesciences Limited,ZYDUSLIFE,Health Technology,Pharmaceuticals: Major,False,False,True,True,False,False,True,True,False,True,
117,Aditya Birla Capital Ltd.,ABCAPITAL,Finance,Multi-Line Insurance,False,False,False,True,False,False,True,True,False,True,
118,JSW Energy Limited,JSWENERGY,Utilities,Electric Utilities,False,False,False,True,False,False,True,True,False,True,
119,Shree Cement Limited,SHREECEM,Non-Energy Minerals,Construction Materials,False,False,True,True,False,False,True,True,False,True,
120,Lenskart Solutions Limited,LENSKART,Health Technology,Medical Specialties,False,False,False,True,False,False,True,True,False,False,
121,ICICI Lombard General Insurance Co. Ltd.,ICICIGI,Finance,Specialty Insurance,False,False,False,True,False,False,True,True,False,True,
122,Bharat Forge Ltd,BHARATFORG,Producer Manufacturing,Metal Fabrication,False,False,False,True,True,False,True,True,False,True,
123,Persistent Systems Limited,PERSISTENT,Technology Services,Information Technology Services,False,False,False,True,True,False,True,True,False,True,
124,Mankind Pharma Ltd.,MANKIND,Health Technology,Pharmaceuticals: Major,False,False,False,True,False,False,True,True,False,True,
125,NTPC Green Energy Limited,NTPCGREEN,Utilities,Alternative Power Generation,False,False,False,False,False,False,True,True,False,False,
126,Lloyds Metals & Energy Ltd.,LLOYDSME,Non-Energy Minerals,Steel,False,False,False,False,False,False,True,True,False,False,
127,IDBI Bank Limited,IDBI,Finance,Major Banks,False,False,False,False,False,True,True,True,False,False,
128,ICICI Prudential Life Insurance Co. Ltd.,ICICIPRULI,Finance,Life/Health Insurance,False,False,False,False,False,False,True,True,False,True,
129,Havells India Limited,HAVELLS,Producer Manufacturing,Electrical Products,False,False,False,True,False,False,True,True,False,True,
130,Lodha Developers Ltd.,LODHA,Finance,Real Estate Development,False,False,True,True,False,False,True,True,False,True,
131,Aurobindo Pharma Ltd,AUROPHARMA,Health Technology,Pharmaceuticals: Other,False,False,False,True,True,False,True,True,False,True,
132,Hindustan Petroleum Corporation Limited,HINDPETRO,Energy Minerals,Oil Refining/Marketing,False,False,False,True,True,False,True,True,False,True,
133,NHPC Limited,NHPC,Utilities,Electric Utilities,False,False,False,True,False,False,True,True,False,True,
134,Bharti Hexacom Limited,BHARTIHEXA,Communications,Wireless Telecommunications,False,False,False,False,False,False,True,True,False,False,
135,Swiggy Limited,SWIGGY,Transportation,Air Freight/Couriers,False,False,False,True,True,False,True,True,False,True,
136,Dabur India Limited,DABUR,Consumer Non-Durables,Household/Personal Care,False,False,False,True,False,False,True,True,False,True,
137,Oil India Limited,OIL,Energy Minerals,Oil Refining/Marketing,False,False,False,True,False,False,True,True,False,True,
138,National Aluminium Co. Ltd.,NATIONALUM,Non-Energy Minerals,Aluminum,False,False,False,True,False,False,True,True,False,True,
139,Torrent Power Limited,TORNTPOWER,Utilities,Electric Utilities,False,False,False,False,False,False,True,True,False,True,
140,NMDC Limited,NMDC,Non-Energy Minerals,Other Metals/Minerals,False,False,False,True,False,False,True,True,False,True,
141,FSN E-Commerce Ventures Ltd.,NYKAA,Retail Trade,Internet Retail,False,False,False,True,False,False,True,True,False,True,
142,AU Small Finance Bank Limited,AUBANK,Finance,Regional Banks,False,True,False,True,True,False,True,True,False,True,
143,Srf Limited,SRF,Process Industries,Industrial Specialties,False,False,False,True,True,False,True,True,False,True,
144,One 97 Communications Ltd.,PAYTM,Finance,Finance/Rental/Leasing,False,False,False,True,True,False,True,True,False,True,
145,Bajaj Housing Finance Ltd.,BAJAJHFL,Finance,Finance/Rental/Leasing,False,False,False,False,False,False,True,True,False,False,
146,Federal Bank Ltd. (India),FEDERALBNK,Finance,Major Banks,False,True,False,True,False,False,True,True,False,True,
147,PB Fintech Limited,POLICYBZR,Technology Services,Internet Software/Services,False,False,False,True,True,False,True,True,False,True,
148,Meesho Limited,MEESHO,Retail Trade,Apparel/Footwear Retail,False,False,False,False,False,True,True,True,False,False,
149,L&T Finance Ltd,LTF,Finance,Finance/Rental/Leasing,False,False,False,True,False,False,True,True,False,True,
150,General Insurance Corporation of India,GICRE,Finance,Specialty Insurance,False,False,False,False,False,False,True,True,False,False,
151,Steel Authority of India Limited,SAIL,Non-Energy Minerals,Steel,False,False,False,True,False,False,True,True,False,True,
152,Info Edge India Ltd.,NAUKRI,Technology Services,Internet Software/Services,False,False,False,True,True,False,True,True,False,True,
153,Bank of India,BANKINDIA,Finance,Major Banks,False,False,False,True,False,False,True,True,False,True,
154,Indian Overseas Bank,IOB,Finance,Major Banks,False,False,False,False,False,True,True,True,False,False,
155,Multi Commodity Exchange of India Limited,MCX,Finance,Investment Banks/Brokers,False,False,False,True,False,False,True,True,False,True,
156,IndusInd Bank Ltd.,INDUSINDBK,Finance,Major Banks,False,True,False,True,True,False,True,True,False,True,
157,Dixon Technologies (India) Ltd.,DIXON,Electronic Technology,Electronic Production Equipment,False,False,False,True,True,False,True,True,False,True,
158,SBI Cards & Payment Services Ltd,SBICARD,Finance,Finance/Rental/Leasing,False,False,False,True,False,False,True,True,False,True,
159,Fortis Healthcare Ltd.,FORTIS,Health Services,Hospital/Nursing Management,False,False,False,True,True,False,True,True,False,True,
160,UNO Minda Limited,UNOMINDA,Producer Manufacturing,Auto Parts: OEM,False,False,False,False,False,False,True,True,False,True,
161,Alkem Laboratories Ltd.,ALKEM,Health Technology,Pharmaceuticals: Major,False,False,False,True,False,False,True,True,False,True,
162,Oracle Financial Services Software Limited,OFSS,Technology Services,Packaged Software,False,False,False,True,False,False,True,True,False,True,
163,Coromandel International Limited,COROMANDEL,Process Industries,Chemicals: Specialty,False,False,False,True,False,False,True,True,False,False,
164,Jindal Stainless Limited,JSL,Non-Energy Minerals,Steel,False,False,False,False,False,False,True,True,False,False,
165,Adani Total Gas Ltd.,ATGL,Utilities,Gas Distributors,False,False,False,True,False,False,True,True,False,False,
166,Glenmark Pharmaceuticals Limited,GLENMARK,Health Technology,Pharmaceuticals: Major,False,False,False,True,False,False,True,True,False,True,
167,Phoenix Mills Ltd.,PHOENIXLTD,Finance,Real Estate Development,False,False,False,True,False,False,True,True,False,True,
168,Linde India Ltd.,LINDEINDIA,Process Industries,Chemicals: Specialty,False,False,False,False,False,False,True,True,False,False,
169,Schaeffler India Ltd,SCHAEFFLER,Producer Manufacturing,Metal Fabrication,False,False,False,False,False,False,True,True,False,False,
170,Suzlon Energy Ltd,SUZLON,Producer Manufacturing,Electrical Products,False,False,False,True,True,False,True,True,False,True,
171,Yes Bank Limited,YESBANK,Finance,Major Banks,False,True,False,True,True,False,True,True,False,True,
172,Oberoi Realty Limited,OBEROIRLTY,Finance,Real Estate Development,False,False,False,True,False,False,True,True,False,True,
173,Laurus Labs Ltd.,LAURUSLABS,Health Technology,Pharmaceuticals: Major,False,False,False,True,False,False,True,True,False,True,
174,Nippon Life India Asset Management Ltd.,NAM-INDIA,Finance,Investment Managers,False,False,False,False,False,False,True,True,False,True,
175,Rail Vikas Nigam Ltd.,RVNL,Industrial Services,Engineering & Construction,False,False,False,True,False,False,True,True,False,True,
176,Prestige Estates Projects Limited,PRESTIGE,Finance,Real Estate Development,False,False,False,True,False,False,True,True,False,True,
177,APL Apollo Tubes Limited,APLAPOLLO,Non-Energy Minerals,Steel,False,False,False,True,False,False,True,True,False,True,
178,IDFC First Bank Ltd.,IDFCFIRSTB,Finance,Regional Banks,False,True,False,True,False,False,True,True,False,True,
179,Biocon Limited,BIOCON,Health Technology,Pharmaceuticals: Major,False,False,False,True,False,False,True,True,False,True,
180,MRF Limited,MRF,Consumer Durables,Automotive Aftermarket,False,False,False,True,False,False,True,True,False,False,
181,Abbott India Limited,ABBOTINDIA,Health Technology,Pharmaceuticals: Major,False,False,False,False,False,False,True,True,False,False,
182,Max Financial Services Limited,MFSL,Finance,Life/Health Insurance,False,False,False,True,False,False,True,True,False,True,
183,Piramal Finance Limited,PIRAMALFIN,Finance,Finance/Rental/Leasing,False,False,False,False,False,True,True,True,False,False,
184,Vishal Mega Mart Ltd.,VMM,Retail Trade,Apparel/Footwear Retail,False,False,False,True,False,False,True,True,False,True,
185,Sundaram Finance Limited,SUNDARMFIN,Finance,Finance/Rental/Leasing,False,False,False,False,False,False,True,True,False,False,
186,UPL Limited,UPL,Process Industries,Chemicals: Agricultural,False,False,False,True,False,False,True,True,False,True,
187,Bank of Maharashtra,MAHABANK,Finance,Major Banks,False,False,False,False,False,False,True,True,False,False,
188,Fertilizers & Chemicals Travancore Ltd.,FACT,Process Industries,Chemicals: Agricultural,False,False,False,False,False,True,True,True,False,False,
189,Tube Investments of India Limited,TIINDIA,Non-Energy Minerals,Steel,False,False,False,True,False,False,True,True,False,True,
190,JSW Infrastructure Limited,JSWINFRA,Industrial Services,Engineering & Construction,False,False,False,False,False,False,True,True,False,False,
191,HDB Financial Services Limited,HDBFS,Finance,Finance/Rental/Leasing,False,False,False,False,False,False,True,True,False,False,
192,Colgate-Palmolive (India) Limited,COLPAL,Consumer Non-Durables,Household/Personal Care,False,False,False,True,False,False,True,True,False,True,
193,Godrej Properties Limited,GODREJPROP,Finance,Real Estate Development,False,False,False,True,False,False,True,True,False,True,
194,Patanjali Foods Limited,PATANJALI,Process Industries,Agricultural Commodities/Milling,False,False,False,True,False,False,True,True,False,True,
195,Hindustan Copper Ltd,HINDCOPPER,Non-Energy Minerals,Other Metals/Minerals,False,False,False,False,False,True,True,True,False,False,
196,Berger Paints India Limited,BERGEPAINT,Process Industries,Industrial Specialties,False,False,False,False,False,False,True,True,False,False,
197,Knowledge Realty Trust,KRT.RR,Finance,Real Estate Investment Trusts,False,False,False,False,False,False,False,False,False,False,
198,Supreme Industries Limited,SUPREMEIND,Producer Manufacturing,Miscellaneous Manufacturing,False,False,False,True,False,False,True,True,False,True,
199,Bharat Dynamics Ltd.,BDL,Electronic Technology,Aerospace & Defense,False,False,False,True,False,False,True,True,False,True,
200,Kalyan Jewellers India Ltd.,KALYANKJIL,Retail Trade,Specialty Stores,False,False,False,True,False,False,True,True,False,True,
201,Motilal Oswal Financial Services Limited,MOTILALOFS,Technology Services,Internet Software/Services,False,False,False,True,False,False,True,True,False,True,
202,Mphasis Limited,MPHASIS,Technology Services,Packaged Software,False,False,False,True,False,False,True,True,False,True,
203,PI Industries Limited,PIIND,Process Industries,Chemicals: Specialty,False,False,False,True,False,False,True,True,False,True,
204,Premier Energies Limited,PREMIERENE,Electronic Technology,Semiconductors,False,False,False,True,False,False,True,True,False,True,
205,KEI Industries Limited,KEI,Producer Manufacturing,Electrical Products,False,False,False,True,False,False,True,True,False,True,
206,Balkrishna Industries Limited,BALKRISIND,Consumer Durables,Automotive Aftermarket,False,False,False,False,False,False,True,True,False,False,
207,J.K. Cement Ltd.,JKCEMENT,Non-Energy Minerals,Construction Materials,False,False,False,False,False,False,True,True,False,False,
208,Indian Railway Catering & Tourism Corp. Ltd.,IRCTC,Consumer Services,Other Consumer Services,False,False,False,True,False,False,True,True,False,False,
209,Coforge Limited,COFORGE,Technology Services,Information Technology Services,False,False,False,True,False,False,True,True,False,True,
210,APAR Industries Limited,APARINDS,Electronic Technology,Electronic Equipment/Instruments,False,False,False,False,False,False,True,True,False,False,
211,Tata Communications Limited,TATACOMM,Communications,Major Telecommunications,False,False,False,True,False,False,True,True,False,False,
212,Voltas Limited,VOLTAS,Producer Manufacturing,Industrial Machinery,False,False,False,True,False,False,True,True,False,True,
213,Embassy Office Parks REIT,EMBASSY.RR,Finance,Real Estate Investment Trusts,False,False,False,False,False,False,False,False,False,False,
214,Mahindra & Mahindra Financial Services Ltd.,M&MFIN,Finance,Finance/Rental/Leasing,False,False,False,True,False,False,True,True,False,False,
215,Astral Limited,ASTRAL,Producer Manufacturing,Miscellaneous Manufacturing,False,False,False,True,False,False,True,True,False,True,
216,Petronet Lng Limited,PETRONET,Utilities,Gas Distributors,False,False,False,False,False,False,True,True,False,True,
217,GlaxoSmithKline Pharmaceuticals Limited,GLAXO,Health Technology,Pharmaceuticals: Major,False,False,False,False,False,False,True,True,False,False,
218,360 One Wam Limited,360ONE,Finance,Investment Managers,False,False,False,True,False,False,True,True,False,True,
219,United Breweries Limited,UBL,Consumer Non-Durables,Beverages: Alcoholic,False,False,False,False,False,False,True,True,False,False,
220,Page Industries Limited,PAGEIND,Consumer Non-Durables,Apparel/Footwear,False,False,False,True,False,False,True,True,False,True,
221,Thermax Limited.,THERMAX,Producer Manufacturing,Industrial Machinery,False,False,False,False,False,False,True,True,False,False,
222,Anthem Biosciences Limited,ANTHEM,Health Technology,Biotechnology,False,False,False,False,False,False,True,True,False,False,
223,Authum Investment & Infrastucture Ltd,AIIL,Finance,Financial Conglomerates,False,False,False,False,False,False,True,True,False,False,
224,NLC India Limited,NLCINDIA,Utilities,Electric Utilities,False,False,False,False,False,False,True,True,False,False,
225,Radico Khaitan Limited,RADICO,Consumer Non-Durables,Beverages: Alcoholic,False,False,False,True,False,False,True,True,False,False,
226,IPCA Laboratories Limited,IPCALAB,Health Technology,Pharmaceuticals: Major,False,False,False,False,False,False,True,True,False,False,
227,Housing & Urban Development Corp. Ltd.,HUDCO,Finance,Finance/Rental/Leasing,False,False,False,True,False,False,True,True,False,True,
228,Gujarat Fluorochemicals Ltd.,FLUOROCHEM,Process Industries,Chemicals: Specialty,False,False,False,False,False,False,True,True,False,False,
229,Cochin Shipyard Limited,COCHINSHIP,Producer Manufacturing,Trucks/Construction/Farm Machinery,False,False,False,True,False,False,True,True,False,True,
230,Container Corporation of India Limited,CONCOR,Transportation,Railroads,False,False,False,True,False,False,True,True,False,True,
231,Dalmia Bharat Ltd.,DALBHARAT,Producer Manufacturing,Miscellaneous Manufacturing,False,False,False,False,False,False,True,True,False,True,
232,L&T Technology Services Ltd.,LTTS,Commercial Services,Miscellaneous Commercial Services,False,False,False,False,False,False,True,True,False,False,
233,3M India Limited,3MINDIA,Producer Manufacturing,Industrial Conglomerates,False,False,False,False,False,False,True,True,False,False,
234,Narayana Hrudayalaya Ltd.,NH,Health Services,Hospital/Nursing Management,False,False,False,False,False,True,True,True,False,False,
235,Aster DM Healthcare Ltd.,ASTERDM,Health Services,Hospital/Nursing Management,False,False,False,False,False,True,True,True,False,False,
236,Delhivery Limited,DELHIVERY,Transportation,Air Freight/Couriers,False,False,False,False,False,True,True,True,False,True,
237,Indian Renewable Energy Development Agency Ltd.,IREDA,Finance,Finance/Rental/Leasing,False,False,False,True,False,False,True,True,False,True,
238,AIA Engineering Limited,AIAENG,Producer Manufacturing,Industrial Machinery,False,False,False,False,False,False,True,True,False,False,
239,Ajanta Pharma Limited,AJANTPHARM,Health Technology,Pharmaceuticals: Major,False,False,False,False,False,False,True,True,False,False,
240,Poonawalla Fincorp Limited,POONAWALLA,Finance,Finance/Rental/Leasing,False,False,False,False,False,True,True,True,False,False,
241,Escorts Kubota Limited,ESCORTS,Producer Manufacturing,Auto Parts: OEM,False,False,False,False,False,False,True,True,False,False,
242,Blue Star Limited,BLUESTARCO,Producer Manufacturing,Industrial Machinery,False,False,False,True,False,False,True,True,False,True,
243,Sona BLW Precision Forgings Ltd.,SONACOMS,Producer Manufacturing,Auto Parts: OEM,False,False,False,False,False,True,True,True,False,True,
244,Endurance Technologies Ltd.,ENDURANCE,Producer Manufacturing,Metal Fabrication,False,False,False,False,False,False,True,True,False,False,
245,UCO Bank,UCOBANK,Finance,Regional Banks,False,False,False,False,False,True,True,True,False,False,
246,Central Bank of India,CENTRALBK,Finance,Major Banks,False,False,False,False,False,True,True,True,False,False,
247,ITC Hotels Ltd,ITCHOTELS,Consumer Services,Hotels/Resorts/Cruise lines,False,False,False,False,False,False,True,True,False,False,
248,Mangalore Refinery & Petrochemicals Ltd.,MRPL,Energy Minerals,Oil Refining/Marketing,False,False,False,False,False,True,True,True,False,False,
249,Tata Investment Corporation Limited,TATAINVEST,Finance,Investment Banks/Brokers,False,False,False,True,False,False,True,True,False,False,
250,Godfrey Phillips India Ltd.,GODFRYPHLP,Consumer Non-Durables,Tobacco,False,False,False,True,False,False,True,True,False,True,
251,JB Chemicals & Pharmaceuticals Ltd.,JBCHEPHARM,Health Technology,Pharmaceuticals: Major,False,False,False,False,False,True,True,True,False,False,
252,Procter & Gamble Hygiene & Health Care Ltd.,PGHH,Consumer Non-Durables,Household/Personal Care,False,False,False,False,False,False,False,False,False,False,
253,Navin Fluorine International Limited,NAVINFLUOR,Process Industries,Chemicals: Specialty,False,False,False,False,False,True,True,True,False,False,
254,Mindspace Business Parks REIT,MINDSPACE.RR,Finance,Real Estate Investment Trusts,False,False,False,False,False,False,False,False,False,False,
255,Cholamandalam Financial Holdings Ltd,CHOLAHLDNG,Finance,Finance/Rental/Leasing,False,False,False,False,False,True,True,True,False,False,
256,Go Digit General Insurance Limited,GODIGIT,Finance,Multi-Line Insurance,False,False,False,False,False,True,True,True,False,False,
257,Godrej Industries Limited,GODREJIND,Process Industries,Agricultural Commodities/Milling,False,False,False,False,False,False,True,True,False,False,
258,Emcure Pharmaceuticals Limited,EMCURE,Health Technology,Pharmaceuticals: Major,False,False,False,False,False,True,True,True,False,False,
259,Ather Energy Limited,ATHERENERG,Consumer Durables,Motor Vehicles,False,False,False,False,False,True,True,True,False,False,
260,K.P.R. Mill Limited,KPRMILL,Consumer Non-Durables,Apparel/Footwear,False,False,False,False,False,False,True,True,False,False,
261,LIC Housing Finance Ltd,LICHSGFIN,Finance,Finance/Rental/Leasing,False,False,False,True,False,False,True,True,False,True,
262,Force Motors Limited,FORCEMOT,Consumer Durables,Motor Vehicles,False,False,False,False,False,True,True,True,False,True,
263,Jubilant Foodworks Limited,JUBLFOOD,Consumer Services,Restaurants,False,False,False,True,False,False,True,True,False,True,
264,TVS Holdings Limited,TVSHLTD,Producer Manufacturing,Auto Parts: OEM,False,False,False,False,False,False,False,False,False,False,
265,Gland Pharma Ltd.,GLAND,Health Technology,Pharmaceuticals: Major,False,False,False,False,False,True,True,True,False,False,
266,Global Health Limited,MEDANTA,Health Services,Hospital/Nursing Management,False,False,False,False,False,False,True,True,False,False,
267,Garden Reach Shipbuilders & Engineers Ltd.,GRSE,Producer Manufacturing,Trucks/Construction/Farm Machinery,False,False,False,False,False,True,True,True,False,False,
268,Hexaware Technologies Limited,HEXT,Technology Services,Packaged Software,False,False,False,False,False,False,True,True,False,False,
269,PhysicsWallah Ltd.,PWL,Commercial Services,Miscellaneous Commercial Services,False,False,False,False,False,True,True,True,False,False,
270,CRISIL Limited,CRISIL,Technology Services,Internet Software/Services,False,False,False,False,False,False,True,True,False,False,
271,Anand Rathi Wealth Ltd.,ANANDRATHI,Finance,Investment Managers,False,False,False,False,False,True,True,True,False,False,
272,Aditya Birla Sun Life Amc Limited,ABSLAMC,Technology Services,Internet Software/Services,False,False,False,False,False,True,True,True,False,False,
273,SJVN Limited,SJVN,Utilities,Electric Utilities,False,False,False,False,False,False,True,True,False,False,
274,Apollo Tyres Limited.,APOLLOTYRE,Consumer Durables,Automotive Aftermarket,False,False,False,False,False,False,True,True,False,False,
275,Star Health & Allied Insurance Co. Ltd.,STARHEALTH,Finance,Life/Health Insurance,False,False,False,False,False,True,True,True,False,False,
276,Tata Elxsi Limited,TATAELXSI,Technology Services,Information Technology Services,False,False,False,True,False,False,True,True,False,True,
277,ZF Commercial Vehicle Control Systems India Limited,ZFCVINDIA,Producer Manufacturing,Auto Parts: OEM,False,False,False,False,False,True,True,True,False,False,
278,Karur Vysya Bank Ltd.,KARURVYSYA,Finance,Regional Banks,False,False,False,False,False,True,True,True,False,False,
279,Central Depository Services (India) Limited,CDSL,Finance,Investment Banks/Brokers,False,False,False,False,False,True,True,True,False,True,
280,Metro Brands Ltd.,METROBRAND,Retail Trade,Apparel/Footwear Retail,False,False,False,False,False,False,False,False,False,False,
281,Exide Industries Limited,EXIDEIND,Producer Manufacturing,Auto Parts: OEM,False,False,False,True,False,False,True,True,False,True,
282,Krishna Institute of Medical Sciences Limited,KIMS,Health Services,Hospital/Nursing Management,False,False,False,False,False,True,True,True,False,False,
283,Bandhan Bank Ltd.,BANDHANBNK,Finance,Major Banks,False,False,False,False,False,True,True,True,False,True,
284,ACC Limited,ACC,Non-Energy Minerals,Construction Materials,False,False,False,False,False,False,True,True,False,False,
285,Kaynes Technology India Ltd.,KAYNES,Electronic Technology,Electronic Production Equipment,False,False,False,False,False,True,True,True,False,True,
286,Prime Focus Limited,PFOCUS,Consumer Services,Movies/Entertainment,False,False,False,False,False,False,True,False,True,False,
287,Timken India Limited,TIMKEN,Producer Manufacturing,Industrial Machinery,False,False,False,False,False,True,True,True,False,False,
288,Motherson Sumi Wiring India Ltd,MSUMI,Producer Manufacturing,Auto Parts: OEM,False,False,False,False,False,True,True,True,False,False,
289,ITI Limited,ITI,Communications,Major Telecommunications,False,False,False,False,False,True,True,True,False,False,
290,IRB Infrastructure Developers Limited,IRB,Industrial Services,Engineering & Construction,False,False,False,False,False,True,True,True,False,False,
291,Brookfield India Real Estate Trust,BIRET.RR,Finance,Real Estate Investment Trusts,False,False,False,False,False,False,False,False,False,False,
292,Gillette India Limited,GILLETTE,Consumer Non-Durables,Household/Personal Care,False,False,False,False,False,True,True,True,False,False,
293,Welspun Corp Limited,WELCORP,Producer Manufacturing,Industrial Machinery,False,False,False,False,False,True,True,True,False,False,
294,Inventurus Knowledge Solutions Limited,IKS,Commercial Services,Miscellaneous Commercial Services,False,False,False,False,False,True,True,True,False,False,
295,Amber Enterprises India Ltd.,AMBER,Producer Manufacturing,Industrial Machinery,False,False,False,False,False,True,True,True,False,True,
296,Angel One Limited,ANGELONE,Finance,Investment Banks/Brokers,False,False,False,False,False,True,True,True,False,True,
297,Honeywell Automation India Limited,HONAUT,Electronic Technology,Electronic Equipment/Instruments,False,False,False,False,False,False,True,True,False,False,
298,NBCC (INDIA) LIMITED,NBCC,Commercial Services,Miscellaneous Commercial Services,False,False,False,False,False,True,True,True,False,True,
299,Himadri Speciality Chemical Ltd.,HSCL,Process Industries,Industrial Specialties,False,False,False,False,False,True,True,True,False,False,
300,Sun TV Network Limited,SUNTV,Consumer Services,Broadcasting,False,False,False,False,False,True,True,True,False,False,
301,PTC Industries Ltd,PTCIL,Producer Manufacturing,Metal Fabrication,False,False,False,False,False,True,True,True,False,False,
302,Nexus Select Trust,NXST.RR,Finance,Real Estate Investment Trusts,False,False,False,False,False,False,False,False,False,False,
303,Ramco Cements Limited,RAMCOCEM,Non-Energy Minerals,Construction Materials,False,False,False,False,False,True,True,True,False,False,
304,Shyam Metalics & Energy Ltd.,SHYAMMETL,Producer Manufacturing,Metal Fabrication,False,False,False,False,False,True,True,True,False,False,
305,Nuvama Wealth Management Limited,NUVAMA,Finance,Investment Managers,False,False,False,False,False,True,True,True,False,True,
306,AWL Agri Business Ltd,AWL,Process Industries,Agricultural Commodities/Milling,False,False,False,False,False,False,True,True,False,False,
307,Schneider Electric Infrastructure Limited,SCHNEIDER,Distribution Services,Wholesale Distributors,False,False,False,False,False,True,True,True,False,False,SCHNEIDER-BE
308,Dr. Lal PathLabs Limited,LALPATHLAB,Health Services,Medical/Nursing Services,False,False,False,False,False,True,True,True,False,False,
309,Tenneco Clean Air India Limited,TENNIND,Producer Manufacturing,Auto Parts: OEM,False,False,False,False,False,True,True,True,False,False,
310,Manappuram Finance Limited,MANAPPURAM,Finance,Finance/Rental/Leasing,False,False,False,False,False,True,True,True,False,True,
311,Tata Technologies Limited,TATATECH,Technology Services,Packaged Software,False,False,False,False,False,True,True,True,False,True,
312,PNB Housing Finance Limited,PNBHOUSING,Finance,Finance/Rental/Leasing,False,False,False,False,False,True,True,True,False,True,
313,Aditya Infotech Limited,CPPLUS,Consumer Durables,Electronics/Appliances,False,False,False,False,False,True,True,True,False,False,
314,Gujarat Gas Ltd.,GUJGASLTD,Utilities,Gas Distributors,False,False,False,False,False,False,False,False,False,False,
315,PFIZER LIMITED,PFIZER,Health Technology,Pharmaceuticals: Major,False,False,False,False,False,True,True,True,False,False,
316,Wockhardt Limited,WOCKPHARMA,Health Technology,Pharmaceuticals: Major,False,False,False,False,False,True,True,True,False,False,
317,Asahi India Glass Limited,ASAHIINDIA,Consumer Durables,Home Furnishings,False,False,False,False,False,True,True,True,False,False,
318,Indraprastha Gas Limited,IGL,Utilities,Gas Distributors,False,False,False,False,False,True,True,True,False,False,
319,New India Assurance Co. Ltd.,NIACL,Finance,Multi-Line Insurance,False,False,False,False,False,False,True,True,False,False,
320,Bayer Cropscience India Limited,BAYERCROP,Process Industries,Chemicals: Agricultural,False,False,False,False,False,True,True,True,False,False,
321,Aegis Logistics Limited,AEGISLOG,Distribution Services,Wholesale Distributors,False,False,False,False,False,True,True,True,False,False,
322,KIOCL Ltd,KIOCL,Non-Energy Minerals,Steel,False,False,False,False,False,False,False,False,False,False,
323,Kirloskar Oil Engines Limited,KIRLOSENG,Producer Manufacturing,Electrical Products,False,False,False,False,False,True,True,True,False,False,
324,Aegis Vopak Terminals Limited,AEGISVOPAK,Transportation,Air Freight/Couriers,False,False,False,False,False,True,True,True,False,False,
325,CESC Ltd,CESC,Utilities,Electric Utilities,False,False,False,False,False,True,True,True,False,False,
326,SAI Life Sciences Ltd.,SAILIFE,Commercial Services,Miscellaneous Commercial Services,False,False,False,False,False,True,True,True,False,False,
327,Aadhar Housing Finance Ltd,AADHARHFC,Finance,Finance/Rental/Leasing,False,False,False,False,False,True,True,True,False,False,
328,Sumitomo Chemical India Ltd.,SUMICHEM,Process Industries,Chemicals: Agricultural,False,False,False,False,False,True,True,True,False,False,
329,Hatsun Agro Product Limited,HATSUN,Consumer Non-Durables,Food: Meat/Fish/Dairy,False,False,False,False,False,False,False,False,False,False,
330,Pine Labs Limited,PINELABS,Technology Services,Packaged Software,False,False,False,False,False,True,True,True,False,False,
331,Sagility Limited,SAGILITY,Commercial Services,Miscellaneous Commercial Services,False,False,False,False,False,True,True,True,False,False,
332,RBL Bank Ltd.,RBLBANK,Finance,Major Banks,False,False,False,False,False,True,True,True,False,True,
333,HBL Engineering Limited,HBLENGINE,Producer Manufacturing,Electrical Products,False,False,False,False,False,True,True,True,False,False,
334,Affle 3i Limited,AFFLE,Technology Services,Packaged Software,False,False,False,False,False,True,True,True,False,False,
335,NATCO Pharma Limited,NATCOPHARM,Health Technology,Pharmaceuticals: Major,False,False,False,False,False,True,True,True,False,False,
336,Great Eastern Shipping Co. Ltd.,GESHIP,Transportation,Marine Shipping,False,False,False,False,False,True,True,True,False,False,
337,CreditAccess Grameen Ltd.,CREDITACC,Finance,Finance/Rental/Leasing,False,False,False,False,False,True,True,True,False,False,
338,KPIT Technologies Limited,KPITTECH,Technology Services,Packaged Software,False,False,False,True,False,False,True,True,False,True,
339,AstraZeneca Pharma India Limited,ASTRAZEN,Health Technology,Pharmaceuticals: Major,False,False,False,False,False,False,False,False,False,False,
340,Deepak Nitrite Limited,DEEPAKNTR,Process Industries,Chemicals: Specialty,False,False,False,False,False,True,True,True,False,False,
341,Kalpataru Projects International Limited,KPIL,Industrial Services,Engineering & Construction,False,False,False,False,False,True,True,True,False,False,
342,EIH Limited,EIHOTEL,Consumer Services,Hotels/Resorts/Cruise lines,False,False,False,False,False,True,True,True,False,False,
343,Urban Company Limited,URBANCO,Technology Services,Packaged Software,False,False,False,False,False,True,True,True,False,False,
344,Acutaas Chemicals Ltd,ACUTAAS,Health Technology,Pharmaceuticals: Major,False,False,False,False,False,True,True,True,False,False,
345,Piramal Pharma Limited,PPLPHARMA,Health Technology,Pharmaceuticals: Major,False,False,False,False,False,True,True,True,False,True,
346,Godawari Power & Ispat Ltd.,GPIL,Non-Energy Minerals,Steel,False,False,False,False,False,True,True,True,False,False,
347,Gujarat Mineral Development Corporation Limited,GMDCLTD,Distribution Services,Wholesale Distributors,False,False,False,False,False,True,True,True,False,False,
348,Sarda Energy & Minerals Limited,SARDAEN,Non-Energy Minerals,Steel,False,False,False,False,False,True,True,True,False,False,
349,IIFL Finance Limited,IIFL,Finance,Finance/Rental/Leasing,False,False,False,False,False,True,True,True,False,False,
350,City Union Bank Limited,CUB,Finance,Regional Banks,False,False,False,False,False,True,True,True,False,False,
351,Netweb Technologies India Limited,NETWEB,Electronic Technology,Computer Peripherals,False,False,False,False,False,True,True,True,False,False,
352,Atul Limited,ATUL,Process Industries,Chemicals: Agricultural,False,False,False,False,False,True,True,True,False,False,
353,Inox Wind Ltd.,INOXWIND,Producer Manufacturing,Electrical Products,False,False,False,False,False,True,True,True,False,True,
354,Eris Lifesciences Ltd,ERIS,Health Technology,Pharmaceuticals: Major,False,False,False,False,False,True,True,True,False,False,
355,Chambal Fertilisers & Chemicals Ltd.,CHAMBLFERT,Process Industries,Chemicals: Specialty,False,False,False,False,False,True,True,True,False,False,
356,Jyoti Cnc Automation Limited,JYOTICNC,Producer Manufacturing,Metal Fabrication,False,False,False,False,False,True,True,True,False,False,
357,Data Patterns (India) Limited,DATAPATTNS,Electronic Technology,Electronic Production Equipment,False,False,False,False,False,True,True,True,False,False,
358,Emami Limited,EMAMILTD,Consumer Non-Durables,Household/Personal Care,False,False,False,False,False,True,True,True,False,False,
359,Neuland Laboratories Ltd.,NEULANDLAB,Health Technology,Pharmaceuticals: Major,False,False,False,False,False,True,True,True,False,False,
360,CIE Automotive India Ltd,CIEINDIA,Producer Manufacturing,Auto Parts: OEM,False,False,False,False,False,False,True,False,True,False,
361,Castrol India Limited,CASTROLIND,Energy Minerals,Oil Refining/Marketing,False,False,False,False,False,True,True,True,False,False,
362,Avanti Feeds Limited,AVANTIFEED,Process Industries,Agricultural Commodities/Milling,False,False,False,False,False,False,True,False,True,False,
363,Brigade Enterprises Limited,BRIGADE,Finance,Real Estate Development,False,False,False,False,False,True,True,True,False,False,
364,Craftsman Automation Ltd.,CRAFTSMAN,Producer Manufacturing,Trucks/Construction/Farm Machinery,False,False,False,False,False,True,True,True,False,False,
365,Computer Age Management Services Ltd,CAMS,Technology Services,Information Technology Services,False,False,False,False,False,True,True,True,False,True,
366,DCM Shriram Limited,DCMSHRIRAM,Producer Manufacturing,Industrial Conglomerates,False,False,False,False,False,True,True,True,False,False,
367,Anant Raj Ltd.,ANANTRAJ,Consumer Durables,Homebuilding,False,False,False,False,False,True,True,True,False,False,
368,Punjab & Sind Bank Ltd.,PSB,Finance,Major Banks,False,False,False,False,False,False,False,False,False,False,
369,JSW Cement Limited,JSWCEMENT,Non-Energy Minerals,Construction Materials,False,False,False,False,False,True,True,True,False,False,
370,Belrise Industries Limited,BELRISE,Producer Manufacturing,Auto Parts: OEM,False,False,False,False,False,True,True,True,False,False,
371,Capri Global Capital Limited,CGCL,Finance,Finance/Rental/Leasing,False,False,False,False,False,True,True,True,False,False,
372,Travel Food Services Limited,TRAVELFOOD,Consumer Services,Restaurants,False,False,False,False,False,True,True,True,False,False,
373,Redington Limited,REDINGTON,Distribution Services,Electronics Distributors,False,False,False,False,False,True,True,True,False,False,
374,Kajaria Ceramics Limited,KAJARIACER,Producer Manufacturing,Building Products,False,False,False,False,False,True,True,True,False,False,
375,Chalet Hotels Ltd.,CHALET,Consumer Services,Hotels/Resorts/Cruise lines,False,False,False,False,False,True,True,True,False,False,
376,ACME Solar Holdings Ltd.,ACMESOLAR,Industrial Services,Engineering & Construction,False,False,False,False,False,True,True,True,False,False,
377,Grindwell Norton Limited,GRINDWELL,Process Industries,Industrial Specialties,False,False,False,False,False,False,False,False,False,False,
378,Tata Chemicals Limited,TATACHEM,Process Industries,Chemicals: Agricultural,False,False,False,False,False,True,True,True,False,False,
379,Century Plyboards (India) Ltd.,CENTURYPLY,Producer Manufacturing,Building Products,False,False,False,False,False,False,True,False,True,False,
380,Nava Limited,NAVA,Utilities,Electric Utilities,False,False,False,False,False,True,True,True,False,False,
381,Carborundum Universal Limited,CARBORUNIV,Process Industries,Industrial Specialties,False,False,False,False,False,True,True,True,False,False,
382,Sundram Fasteners Limited,SUNDRMFAST,Producer Manufacturing,Auto Parts: OEM,False,False,False,False,False,False,False,False,False,False,
383,Syrma SGS Technology Limited,SYRMA,Electronic Technology,Electronic Production Equipment,False,False,False,False,False,True,True,True,False,False,
384,Gallantt Ispat Limited,GALLANTT,Non-Energy Minerals,Steel,False,False,False,False,False,True,True,True,False,False,
385,Ratnamani Metals & Tubes Ltd.,RATNAMANI,Non-Energy Minerals,Steel,False,False,False,False,False,False,False,False,False,False,
386,Syngene International Ltd.,SYNGENE,Commercial Services,Miscellaneous Commercial Services,False,False,False,False,False,True,True,True,False,False,
387,Bikaji Foods International Ltd.,BIKAJI,Consumer Non-Durables,Food: Specialty/Candy,False,False,False,False,False,True,True,True,False,False,
388,Vardhman Textiles Limited,VTL,Process Industries,Textiles,False,False,False,False,False,True,True,True,False,False,
389,Kfin Technologies Limited,KFINTECH,Technology Services,Packaged Software,False,False,False,False,False,True,True,True,False,True,
390,Crompton Greaves Consumer Electricals Ltd.,CROMPTON,Producer Manufacturing,Industrial Machinery,False,False,False,False,False,True,True,True,False,True,
391,RR Kabel Ltd.,RRKABEL,Producer Manufacturing,Electrical Products,False,False,False,False,False,True,True,True,False,False,
392,ELGI Equipments Limited,ELGIEQUIP,Producer Manufacturing,Industrial Machinery,False,False,False,False,False,True,True,True,False,False,
393,Bharat Coking Coal Limited,BHARATCOAL,Energy Minerals,Coal,False,False,False,False,False,False,False,False,False,False,
394,Granules India Limited,GRANULES,Health Technology,Pharmaceuticals: Other,False,False,False,False,False,True,True,True,False,False,
395,Firstsource Solutions Limited,FSL,Commercial Services,Miscellaneous Commercial Services,False,False,False,False,False,True,True,True,False,False,
396,Emmvee Photovoltaic Power Limited,EMMVEE,Electronic Technology,Semiconductors,False,False,False,False,False,True,True,True,False,False,
397,BASF India Limited,BASF,Process Industries,Chemicals: Specialty,False,False,False,False,False,False,False,False,False,False,
398,Zydus Wellness Limited,ZYDUSWELL,Consumer Non-Durables,Food: Major Diversified,False,False,False,False,False,True,True,True,False,False,
399,OneSource Specialty Pharma Limited,ONESOURCE,Health Technology,Pharmaceuticals: Major,False,False,False,False,False,True,True,True,False,False,
400,Jain Resource Recycling Limited,JAINREC,Non-Energy Minerals,Other Metals/Minerals,False,False,False,False,False,True,True,True,False,False,
401,AARTI Industries Ltd,AARTIIND,Process Industries,Chemicals: Major Diversified,False,False,False,False,False,True,True,True,False,False,
402,Kansai Nerolac Paints Limited,KANSAINER,Process Industries,Industrial Specialties,False,False,False,False,False,False,True,False,True,False,
403,KEC International Ltd.,KEC,Industrial Services,Engineering & Construction,False,False,False,False,False,True,True,True,False,False,
404,Choice International Limited,CHOICEIN,Commercial Services,Miscellaneous Commercial Services,False,False,False,False,False,True,True,True,False,False,
405,Aether Industries Ltd.,AETHER,Process Industries,Chemicals: Major Diversified,False,False,False,False,False,False,True,False,True,False,
406,CCL Products (India) Limited,CCL,Consumer Non-Durables,Food: Specialty/Candy,False,False,False,False,False,True,True,True,False,False,
407,E.I.D.-Parry (India) Limited,EIDPARRY,Process Industries,Chemicals: Agricultural,False,False,False,False,False,True,True,True,False,False,
408,IFCI Limited,IFCI,Finance,Finance/Rental/Leasing,False,False,False,False,False,True,True,True,False,False,
409,KSB Ltd.,KSB,Producer Manufacturing,Industrial Machinery,False,False,False,False,False,False,True,False,True,False,
410,Maharashtra Scooters Ltd,MAHSCOOTER,Producer Manufacturing,Industrial Machinery,False,False,False,False,False,False,True,False,True,False,
411,Triveni Turbine Limited,TRITURBINE,Producer Manufacturing,Industrial Machinery,False,False,False,False,False,True,True,True,False,False,
412,Chennai Petroleum Corporation Limited,CHENNPETRO,Energy Minerals,Oil Refining/Marketing,False,False,False,False,False,True,True,True,False,False,
413,Poly Medicure Limited,POLYMED,Health Technology,Medical Specialties,False,False,False,False,False,True,True,True,False,False,
414,LMW Limited,LMW,Producer Manufacturing,Industrial Machinery,False,False,False,False,False,False,False,False,False,False,
415,eClerx Services Limited,ECLERX,Commercial Services,Miscellaneous Commercial Services,False,False,False,False,False,True,True,True,False,False,
416,International Gemmological Institute (India) Limited,IGIL,Commercial Services,Miscellaneous Commercial Services,False,False,False,False,False,True,True,True,False,False,
417,DOMS Industries Limited,DOMS,Producer Manufacturing,Office Equipment/Supplies,False,False,False,False,False,True,True,True,False,False,
418,Alembic Pharmaceuticals Limited,APLLTD,Health Technology,Pharmaceuticals: Major,False,False,False,False,False,False,True,False,True,False,
419,CEAT Limited,CEATLTD,Consumer Durables,Automotive Aftermarket,False,False,False,False,False,True,True,True,False,False,
420,Anupam Rasayan India Ltd.,ANURAS,Health Technology,Pharmaceuticals: Major,False,False,False,False,False,True,True,True,False,False,
421,Leela Palaces Hotels & Resorts Limited,THELEELA,Consumer Services,Hotels/Resorts/Cruise lines,False,False,False,False,False,True,True,True,False,False,
422,LT Foods Limited,LTFOODS,Process Industries,Agricultural Commodities/Milling,False,False,False,False,False,True,True,True,False,False,
423,V-Guard Industries Limited,VGUARD,Producer Manufacturing,Electrical Products,False,False,False,False,False,False,True,False,True,False,
424,Aditya Birla Real Estate Ltd,ABREL,Process Industries,Textiles,False,False,False,False,False,True,True,True,False,False,
425,Supreme Petrochem Limited,SPLPETRO,Process Industries,Industrial Specialties,False,False,False,False,False,True,True,True,False,False,
426,Ventive Hospitality Limited,VENTIVE,Consumer Services,Hotels/Resorts/Cruise lines,False,False,False,False,False,False,False,False,False,False,
427,Sansera Engineering Limited,SANSERA,Producer Manufacturing,Auto Parts: OEM,False,False,False,False,False,False,True,False,True,False,
428,Fractal Analytics Limited,FRACTAL,Technology Services,Packaged Software,False,False,False,False,False,False,False,False,False,False,
429,Jubilant Pharmova Limited,JUBLPHARMA,Health Technology,Pharmaceuticals: Major,False,False,False,False,False,True,True,True,False,False,
430,Canara HSBC Life Insurance Company Limited,CANHLIFE,Finance,Life/Health Insurance,False,False,False,False,False,True,True,True,False,False,
431,JSW Holdings Limited,JSWHL,Finance,Investment Banks/Brokers,False,False,False,False,False,False,False,False,False,False,
432,TD Power Systems Limited,TDPOWERSYS,Producer Manufacturing,Electrical Products,False,False,False,False,False,False,True,False,True,False,
433,Sobha Limited,SOBHA,Finance,Real Estate Development,False,False,False,False,False,True,True,True,False,False,
434,SPR Auto Technologies Ltd,SHRIPISTON,Producer Manufacturing,Auto Parts: OEM,False,False,False,False,False,False,True,False,True,False,
435,PG Electroplast Limited,PGEL,Electronic Technology,Electronic Production Equipment,False,False,False,False,False,True,True,True,False,True,
436,Fine Organic Industries Ltd.,FINEORG,Process Industries,Chemicals: Major Diversified,False,False,False,False,False,False,False,False,False,False,
437,Amara Raja Energy & Mobility Ltd,ARE&M,Producer Manufacturing,Electrical Products,False,False,False,False,False,True,True,True,False,False,
438,JBM Auto Limited,JBMA,Producer Manufacturing,Auto Parts: OEM,False,False,False,False,False,True,True,True,False,False,
439,Gujarat State Petronet Limited,GSPL,Utilities,Gas Distributors,False,False,False,False,False,True,True,True,False,False,
440,Jammu & Kashmir Bank Ltd.,J&KBANK,Finance,Regional Banks,False,False,False,False,False,True,True,True,False,False,
441,Niva Bupa Health Insurance Company Limited,NIVABUPA,Finance,Life/Health Insurance,False,False,False,False,False,True,True,True,False,False,
442,Akzo Nobel India Limited,AKZOINDIA,Process Industries,Industrial Specialties,False,False,False,False,False,True,True,True,False,False,
443,Dr. Agarwal's Health Care Ltd.,AGARWALEYE,Health Services,Medical/Nursing Services,False,False,False,False,False,False,True,False,True,False,
444,Ola Electric Mobility Limited,OLAELEC,Consumer Durables,Motor Vehicles,False,False,False,False,False,True,True,True,False,False,
445,Vinati Organics Limited,VINATIORGA,Process Industries,Chemicals: Specialty,False,False,False,False,False,False,False,False,False,False,
446,Deepak Fertilisers and Petrochemicals Corporation Ltd.,DEEPAKFERT,Process Industries,Chemicals: Agricultural,False,False,False,False,False,True,True,True,False,False,
447,BEML Limited,BEML,Producer Manufacturing,Trucks/Construction/Farm Machinery,False,False,False,False,False,True,True,True,False,False,
448,Gabriel India Limited,GABRIEL,Producer Manufacturing,Auto Parts: OEM,False,False,False,False,False,True,True,True,False,False,
449,Rubicon Research Limited,RUBICON,Health Technology,Biotechnology,False,False,False,False,False,False,True,False,True,False,
450,Zen Technologies Limited,ZENTEC,Technology Services,Information Technology Services,False,False,False,False,False,True,True,True,False,False,
451,Devyani International Ltd.,DEVYANI,Consumer Services,Restaurants,False,False,False,False,False,True,True,True,False,False,
452,Tega Industries Ltd.,TEGA,Distribution Services,Wholesale Distributors,False,False,False,False,False,True,True,True,False,False,
453,Finolex Cables Limited,FINCABLES,Producer Manufacturing,Electrical Products,False,False,False,False,False,True,True,True,False,False,
454,Rainbow Childrens Medicare Limited,RAINBOW,Health Services,Hospital/Nursing Management,False,False,False,False,False,True,True,True,False,False,
455,Usha Martin Limited,USHAMART,Producer Manufacturing,Metal Fabrication,False,False,False,False,False,True,True,True,False,False,
456,Brainbees Solutions Limited,FIRSTCRY,Retail Trade,Apparel/Footwear Retail,False,False,False,False,False,True,True,True,False,False,
457,Alivus Life Sciences Ltd,ALIVUS,Health Technology,Pharmaceuticals: Major,False,False,False,False,False,False,True,False,True,False,
458,Jindal Saw Limited,JINDALSAW,Non-Energy Minerals,Steel,False,False,False,False,False,True,True,True,False,False,
459,Trident Limited,TRIDENT,Process Industries,Textiles,False,False,False,False,False,True,True,True,False,False,
460,Allied Blenders and Distillers Limited,ABDL,Consumer Non-Durables,Beverages: Alcoholic,False,False,False,False,False,True,True,True,False,False,
461,MTAR Technologies Ltd.,MTARTECH,Electronic Technology,Aerospace & Defense,False,False,False,False,False,False,True,False,True,False,
462,Minda Corp. Ltd.,MINDACORP,Producer Manufacturing,Auto Parts: OEM,False,False,False,False,False,True,True,True,False,False,
463,Sammaan Capital Ltd,SAMMAANCAP,Finance,Finance/Rental/Leasing,False,False,False,False,False,True,True,True,False,True,
464,IRCON International Ltd.,IRCON,Industrial Services,Engineering & Construction,False,False,False,False,False,True,True,True,False,False,
465,TBO Tek Ltd.,TBOTEK,Technology Services,Internet Software/Services,False,False,False,False,False,True,True,True,False,False,
466,Caplin Point Laboratories Limited,CAPLIPOINT,Health Technology,Pharmaceuticals: Major,False,False,False,False,False,True,True,True,False,False,
467,Paradeep Phosphates Ltd.,PARADEEP,Process Industries,Chemicals: Agricultural,False,False,False,False,False,True,True,True,False,False,
468,IndiaMART InterMESH Ltd.,INDIAMART,Retail Trade,Internet Retail,False,False,False,False,False,True,True,True,False,False,
469,Graphite India Limited,GRAPHITE,Process Industries,Industrial Specialties,False,False,False,False,False,True,True,True,False,False,
470,Thangamayil Jewellery Ltd.,THANGAMAYL,Consumer Durables,Other Consumer Specialties,False,False,False,False,False,False,True,False,True,False,
471,Techno Electric & Engineering Company Limited,TECHNOE,Industrial Services,Engineering & Construction,False,False,False,False,False,True,True,True,False,False,
472,Zensar Technologies Limited,ZENSARTECH,Technology Services,Packaged Software,False,False,False,False,False,True,True,True,False,False,
473,UTI Asset Management Co. Ltd.,UTIAMC,Finance,Investment Managers,False,False,False,False,False,True,True,True,False,False,
474,Cupid Limited,CUPID,Consumer Non-Durables,Household/Personal Care,False,False,False,False,False,False,True,False,True,False,
475,JM Financial Limited,JMFINANCIL,Finance,Investment Banks/Brokers,False,False,False,False,False,True,True,True,False,False,
476,BLS International Services Ltd.,BLS,Technology Services,Data Processing Services,False,False,False,False,False,True,True,True,False,False,
477,Aditya Birla Lifestyle Brands Limited,ABLBL,Retail Trade,Apparel/Footwear Retail,False,False,False,False,False,True,True,True,False,False,
478,JK Tyre & Industries Limited,JKTYRE,Consumer Durables,Automotive Aftermarket,False,False,False,False,False,True,True,True,False,False,
479,Kirloskar Brothers Ltd.,KIRLOSBROS,Producer Manufacturing,Industrial Machinery,False,False,False,False,False,False,True,False,True,False,
480,Happy Forging Limited,HAPPYFORGE,Producer Manufacturing,Metal Fabrication,False,False,False,False,False,False,False,False,False,False,
481,Ingersoll-Rand (India) Limited,INGERRAND,Producer Manufacturing,Trucks/Construction/Farm Machinery,False,False,False,False,False,False,False,False,False,False,
482,Five-Star Business Finance Limited,FIVESTAR,Finance,Finance/Rental/Leasing,False,False,False,False,False,True,True,True,False,False,
483,Blue Dart Express Limited,BLUEDART,Transportation,Air Freight/Couriers,False,False,False,False,False,True,True,True,False,False,
484,Cohance Lifesciences Ltd,COHANCE,Health Technology,Pharmaceuticals: Major,False,False,False,False,False,True,True,True,False,False,
485,Welspun Living Limited,WELSPUNLIV,Consumer Non-Durables,Consumer Sundries,False,False,False,False,False,True,True,True,False,False,
486,NMDC Steel Limited,NSLNISP,Non-Energy Minerals,Steel,False,False,False,False,False,True,True,True,False,False,
487,India Cements Ltd.,INDIACEM,Non-Energy Minerals,Construction Materials,False,False,False,False,False,True,True,True,False,False,
488,Signatureglobal (India) Limited,SIGNATURE,Finance,Real Estate Development,False,False,False,False,False,True,True,True,False,False,
489,Jupiter Wagons Limited,JWL,Producer Manufacturing,Trucks/Construction/Farm Machinery,False,False,False,False,False,True,True,True,False,False,
490,Indegene Limited,INDGN,Health Technology,Pharmaceuticals: Major,False,False,False,False,False,True,True,True,False,False,
491,Engineers India Limited,ENGINERSIN,Industrial Services,Engineering & Construction,False,False,False,False,False,True,True,True,False,False,
492,Lumax Auto Technologies Limited,LUMAXTECH,Producer Manufacturing,Auto Parts: OEM,False,False,False,False,False,False,True,False,True,False,
493,Indian Energy Exchange Ltd.,IEX,Finance,Investment Banks/Brokers,False,False,False,False,False,True,True,True,False,True,
494,HFCL Limited,HFCL,Electronic Technology,Telecommunications Equipment,False,False,False,False,False,True,True,True,False,False,
495,Privi Speciality Chemicals Limited,PRIVISCL,Process Industries,Chemicals: Major Diversified,False,False,False,False,False,False,True,False,True,False,
496,Godrej Agrovet Limited,GODREJAGRO,Process Industries,Agricultural Commodities/Milling,False,False,False,False,False,False,True,False,True,False,
497,Ujjivan Small Finance Bank Ltd.,UJJIVANSFB,Finance,Regional Banks,False,False,False,False,False,False,True,False,True,False,
498,Jaiprakash Power Ventures Limited,JPPOWER,Utilities,Electric Utilities,False,False,False,False,False,True,True,True,False,False,
499,SKF India (Industrial) Ltd.,SKFINDUS,Producer Manufacturing,Auto Parts: OEM,False,False,False,False,False,False,True,False,True,False,
500,INOX India Limited,INOXINDIA,Producer Manufacturing,Industrial Machinery,False,False,False,False,False,False,True,False,True,False,
501,Can Fin Homes Ltd.,CANFINHOME,Finance,Finance/Rental/Leasing,False,False,False,False,False,True,True,True,False,False,
502,Afcons Infrastructure Limited,AFCONS,Industrial Services,Engineering & Construction,False,False,False,False,False,True,True,True,False,False,
503,Shipping Corporation of India Limited,SCI,Transportation,Air Freight/Couriers,False,False,False,False,False,True,True,True,False,False,
504,Home First Finance Company India Ltd.,HOMEFIRST,Finance,Finance/Rental/Leasing,False,False,False,False,False,True,True,True,False,False,
505,Gravita India Limited,GRAVITA,Non-Energy Minerals,Other Metals/Minerals,False,False,False,False,False,True,True,True,False,False,
506,Concord Biotech Ltd.,CONCORDBIO,Commercial Services,Miscellaneous Commercial Services,False,False,False,False,False,True,True,True,False,False,
507,HEG Limited,HEG,Electronic Technology,Electronic Components,False,False,False,False,False,True,True,True,False,False,
508,Nuvoco Vistas Corporation Limited,NUVOCO,Non-Energy Minerals,Construction Materials,False,False,False,False,False,True,True,True,False,False,
509,Edelweiss Financial Services Limited,EDELWEISS,Finance,Investment Banks/Brokers,False,False,False,False,False,False,True,False,True,False,
510,Tilaknagar Industries Limited,TI,Consumer Non-Durables,Beverages: Alcoholic,False,False,False,False,False,False,True,False,True,False,
511,Whirlpool Of India Limited,WHIRLPOOL,Consumer Durables,Electronics/Appliances,False,False,False,False,False,True,True,True,False,False,
512,Aptus Value Housing Finance India Limited,APTUS,Finance,Finance/Rental/Leasing,False,False,False,False,False,True,True,True,False,False,
513,PCBL Chemical Limited,PCBL,Process Industries,Industrial Specialties,False,False,False,False,False,True,True,True,False,False,
514,Blackbuck Ltd,BLACKBUCK,Technology Services,Packaged Software,False,False,False,False,False,False,True,False,True,False,
515,Azad Engineering Limited,AZAD,Producer Manufacturing,Metal Fabrication,False,False,False,False,False,False,True,False,True,False,
516,Cemindia Projects Ltd,CEMPRO,Industrial Services,Engineering & Construction,False,False,False,False,False,True,True,True,False,False,
517,Swan Corp Limited,SWANCORP,Utilities,Electric Utilities,False,False,False,False,False,True,True,True,False,False,
518,Tamilnad Mercantile Bank Limited,TMB,Finance,Regional Banks,False,False,False,False,False,False,True,False,True,False,
519,Birlasoft Limited,BSOFT,Technology Services,Packaged Software,False,False,False,False,False,True,True,True,False,False,
520,MedPlus Health Services Ltd.,MEDPLUS,Retail Trade,Drugstore Chains,False,False,False,False,False,False,True,False,True,False,
521,Sanofi Consumer Healthcare India Limited,SANOFICONR,Health Technology,Pharmaceuticals: Major,False,False,False,False,False,False,False,False,False,False,
522,Bombay Burmah Trading Corp. Ltd.,BBTC,Consumer Non-Durables,Food: Major Diversified,False,False,False,False,False,True,True,True,False,False,
523,Reliance Power Limited,RPOWER,Utilities,Electric Utilities,False,False,False,False,False,True,True,True,False,False,
524,Action Construction Equipment Limited,ACE,Producer Manufacturing,Trucks/Construction/Farm Machinery,False,False,False,False,False,True,True,True,False,False,
525,Honasa Consumer Limited,HONASA,Retail Trade,Specialty Stores,False,False,False,False,False,True,True,True,False,False,
526,Finolex Industries Limited,FINPIPE,Producer Manufacturing,Miscellaneous Manufacturing,False,False,False,False,False,False,True,False,True,False,
527,Jubilant Ingrevia Ltd.,JUBLINGREA,Process Industries,Chemicals: Major Diversified,False,False,False,False,False,True,True,True,False,False,
528,South Indian Bank Limited,SOUTHBANK,Finance,Major Banks,False,False,False,False,False,False,True,False,True,False,
529,Arvind Limited,ARVIND,Process Industries,Textiles,False,False,False,False,False,False,True,False,True,False,
530,Mahanagar Gas Ltd,MGL,Utilities,Gas Distributors,False,False,False,False,False,True,True,True,False,False,
531,Clean Max Enviro Energy Solutions Limited,CLEANMAX,Utilities,Alternative Power Generation,False,False,False,False,False,False,False,False,False,False,
532,Vijaya Diagnostic Centre Ltd.,VIJAYA,Health Services,Medical/Nursing Services,False,False,False,False,False,True,True,True,False,False,
533,Prudent Corporate Advisory Services Limited,PRUDENT,Finance,Investment Managers,False,False,False,False,False,False,True,False,True,False,
534,Sterlite Technologies Limited,STLTECH,Technology Services,Information Technology Services,False,False,False,False,False,False,True,False,True,False,
535,SBFC Finance Limited,SBFC,Finance,Finance/Rental/Leasing,False,False,False,False,False,True,True,True,False,False,
536,Balrampur Chini Mills Ltd,BALRAMCHIN,Process Industries,Agricultural Commodities/Milling,False,False,False,False,False,True,True,True,False,False,
537,Ramkrishna Forgings Ltd,RKFORGE,Producer Manufacturing,Metal Fabrication,False,False,False,False,False,True,True,True,False,False,
538,Vedant Fashions Limited,MANYAVAR,Retail Trade,Internet Retail,False,False,False,False,False,False,True,False,True,False,
539,RITES Ltd.,RITES,Commercial Services,Miscellaneous Commercial Services,False,False,False,False,False,True,True,True,False,False,
540,Atlanta Electricals Limited,ATLANTAELE,Producer Manufacturing,Electrical Products,False,False,False,False,False,False,True,False,True,False,
541,Aavas Financiers Ltd.,AAVAS,Finance,Finance/Rental/Leasing,False,False,False,False,False,True,True,True,False,False,
542,Intellect Design Arena Ltd,INTELLECT,Technology Services,Packaged Software,False,False,False,False,False,True,True,True,False,False,
543,Astra Microwave Products Ltd.,ASTRAMICRO,Electronic Technology,Telecommunications Equipment,False,False,False,False,False,False,True,False,True,False,
544,Cyient Limited,CYIENT,Technology Services,Packaged Software,False,False,False,False,False,True,True,True,False,False,
545,Titagarh Rail Systems Ltd,TITAGARH,Producer Manufacturing,Trucks/Construction/Farm Machinery,False,False,False,False,False,True,True,True,False,False,
546,Corona Remedies Limited,CORONA,Health Technology,Pharmaceuticals: Major,False,False,False,False,False,False,True,False,True,False,
547,Metropolis Healthcare Ltd.,METROPOLIS,Health Services,Medical/Nursing Services,False,False,False,False,False,False,True,False,True,False,
548,Sharda Cropchem Ltd.,SHARDACROP,Distribution Services,Wholesale Distributors,False,False,False,False,False,False,True,False,True,False,
549,Sandur Manganese & Iron Ores Ltd,SANDUMA,Non-Energy Minerals,Other Metals/Minerals,False,False,False,False,False,False,True,False,True,False,
550,Swan Defence and Heavy Industries Ltd,SWANDEF,Producer Manufacturing,Trucks/Construction/Farm Machinery,False,False,False,False,False,False,False,False,False,False,SWANDEF-BE
551,Elecon Engineering Co. Ltd.,ELECON,Producer Manufacturing,Electrical Products,False,False,False,False,False,True,True,True,False,False,
552,Vesuvius India Ltd,VESUVIUS,Non-Energy Minerals,Construction Materials,False,False,False,False,False,False,False,False,False,False,
553,PVR Inox Limited,PVRINOX,Consumer Services,Movies/Entertainment,False,False,False,False,False,True,True,True,False,False,
554,Cello World Limited,CELLO,Consumer Durables,Home Furnishings,False,False,False,False,False,False,True,False,True,False,
555,Waaree Renewable Technologies Ltd,WAAREERTL,Utilities,Alternative Power Generation,False,False,False,False,False,False,True,False,True,False,
556,NCC Limited,NCC,Consumer Durables,Homebuilding,False,False,False,False,False,True,True,True,False,False,
557,Voltamp Transformers Limited,VOLTAMP,Producer Manufacturing,Electrical Products,False,False,False,False,False,False,True,False,True,False,
558,Shaily Engineering Plastics Limited,SHAILY,Process Industries,Chemicals: Specialty,False,False,False,False,False,False,True,False,True,False,
559,Karnataka Bank Ltd.,KTKBANK,Finance,Regional Banks,False,False,False,False,False,False,True,False,True,False,
560,Nazara Technologies Ltd.,NAZARA,Technology Services,Packaged Software,False,False,False,False,False,False,True,False,True,False,
561,RailTel Corp. of India Ltd.,RAILTEL,Communications,Major Telecommunications,False,False,False,False,False,True,True,True,False,False,
562,Eureka Forbes Limited,EUREKAFORB,Producer Manufacturing,Industrial Machinery,False,False,False,False,False,False,True,False,True,False,
563,Bata India Ltd,BATAINDIA,Consumer Non-Durables,Apparel/Footwear,False,False,False,False,False,True,True,True,False,False,
564,Viyash Scientific Limited,VIYASH,Health Technology,Pharmaceuticals: Major,False,False,False,False,False,False,True,False,True,False,
565,Lemon Tree Hotels Ltd.,LEMONTREE,Consumer Services,Hotels/Resorts/Cruise lines,False,False,False,False,False,True,True,True,False,False,
566,Lloyds Enterprises Limited,LLOYDSENT,Distribution Services,Wholesale Distributors,False,False,False,False,False,False,True,False,True,False,
567,CarTrade Tech Ltd.,CARTRADE,Technology Services,Internet Software/Services,False,False,False,False,False,True,True,True,False,False,
568,Strides Pharma Science Ltd,STAR,Health Technology,Pharmaceuticals: Major,False,False,False,False,False,False,True,False,True,False,
569,Olectra Greentech Limited,OLECTRA,Consumer Durables,Motor Vehicles,False,False,False,False,False,True,True,True,False,False,
570,Park Medi World Limited,PARKHOSPS,Health Services,Hospital/Nursing Management,False,False,False,False,False,False,True,False,True,False,
571,Time Technoplast Limited,TIMETECHNO,Process Industries,Containers/Packaging,False,False,False,False,False,False,True,False,True,False,
572,MMTC Limited,MMTC,Distribution Services,Wholesale Distributors,False,False,False,False,False,True,True,True,False,False,
573,IIFL Capital Services Ltd,IIFLCAPS,Finance,Investment Banks/Brokers,False,False,False,False,False,False,True,False,True,False,
574,ASK Automotive Limited,ASKAUTOLTD,Producer Manufacturing,Auto Parts: OEM,False,False,False,False,False,False,True,False,True,False,
575,Star Cement Ltd.,STARCEMENT,Non-Energy Minerals,Construction Materials,False,False,False,False,False,False,True,False,True,False,
576,Garware Hi-Tech Films Limited,GRWRHITECH,Process Industries,Chemicals: Specialty,False,False,False,False,False,False,True,False,True,False,
577,Black Box Limited,BBOX,Technology Services,Information Technology Services,False,False,False,False,False,False,True,False,True,False,
578,Orkla India Ltd.,ORKLAINDIA,Consumer Non-Durables,Food: Specialty/Candy,False,False,False,False,False,False,True,False,True,False,
579,Triveni Engineering and Industries Limited,TRIVENI,Process Industries,Agricultural Commodities/Milling,False,False,False,False,False,False,True,False,True,False,
580,Transformers and Rectifiers (India) Limited,TARIL,Producer Manufacturing,Electrical Products,False,False,False,False,False,True,True,True,False,False,
581,Aequs Ltd.,AEQUS,Electronic Technology,Aerospace & Defense,False,False,False,False,False,False,True,False,True,False,
582,Powergrid Infrastructure Invesment Trust,PGINVIT,Utilities,Electric Utilities,False,False,False,False,False,False,False,False,False,False,PGINVIT-IV
583,P N Gadgil Jewellers Limited,PNGJL,Retail Trade,Specialty Stores,False,False,False,False,False,False,True,False,True,False,
584,VA Tech Wabag Limited,WABAG,Industrial Services,Engineering & Construction,False,False,False,False,False,False,True,False,True,False,
585,India Shelter Finance Corp. Ltd.,INDIASHLTR,Finance,Finance/Rental/Leasing,False,False,False,False,False,False,True,False,True,False,
586,Jyothy Labs Limited,JYOTHYLAB,Consumer Non-Durables,Household/Personal Care,False,False,False,False,False,False,True,False,True,False,
587,HealthCare Global Enterprises Ltd.,HCG,Health Services,Hospital/Nursing Management,False,False,False,False,False,False,True,False,True,False,
588,Banco Products (India) Limited,BANCOINDIA,Producer Manufacturing,Industrial Machinery,False,False,False,False,False,False,True,False,True,False,
589,Esab India Limited,ESABINDIA,Producer Manufacturing,Electrical Products,False,False,False,False,False,False,False,False,False,False,
590,GMR Power and Urban Infra Ltd,GMRP&UI,Industrial Services,Engineering & Construction,False,False,False,False,False,False,True,False,True,False,
591,Maharashtra Seamless Limited,MAHSEAMLES,Non-Energy Minerals,Steel,False,False,False,False,False,False,True,False,True,False,
592,Jeena Sikho Lifecare Limited,JSLL,Health Services,Medical/Nursing Services,False,False,False,False,False,False,True,False,True,False,
593,G R Infraprojects Ltd.,GRINFRA,Industrial Services,Engineering & Construction,False,False,False,False,False,False,False,False,False,False,
594,KPI Green Energy Limited,KPIGREEN,Utilities,Alternative Power Generation,False,False,False,False,False,False,True,False,True,False,
595,Procter & Gamble Health Ltd.,PGHL,Health Technology,Pharmaceuticals: Major,False,False,False,False,False,False,False,False,False,False,
596,Jupiter Life Line Hospitals Ltd.,JLHL,Health Services,Hospital/Nursing Management,False,False,False,False,False,False,True,False,True,False,
597,Akums Drugs and Pharmaceuticals Limited,AKUMS,Health Technology,Biotechnology,False,False,False,False,False,False,True,False,True,False,
598,RHI Magnesita India Limited,RHIM,Producer Manufacturing,Miscellaneous Manufacturing,False,False,False,False,False,True,True,True,False,False,
599,Tata Teleservices (Maharashtra) Limited,TTML,Communications,Specialty Telecommunications,False,False,False,False,False,True,True,True,False,False,
600,Marksans Pharma Limited,MARKSANS,Health Technology,Pharmaceuticals: Major,False,False,False,False,False,False,True,False,True,False,
601,Sanofi India Limited,SANOFI,Health Technology,Pharmaceuticals: Major,False,False,False,False,False,False,False,False,False,False,
602,Shilpa Medicare Limited,SHILPAMED,Health Technology,Pharmaceuticals: Major,False,False,False,False,False,False,True,False,True,False,
603,NESCO Limited,NESCO,Producer Manufacturing,Industrial Machinery,False,False,False,False,False,False,True,False,True,False,
604,Le Travenues Technology Limited,IXIGO,Technology Services,Internet Software/Services,False,False,False,False,False,False,True,False,True,False,
605,Genus Power Infrastructures Limited,GENUSPOWER,Electronic Technology,Electronic Equipment/Instruments,False,False,False,False,False,False,False,False,False,False,
606,Jayaswal Neco Industries Limited,JAYNECOIND,Non-Energy Minerals,Steel,False,False,False,False,False,False,True,False,True,False,
607,Tejas Networks Ltd.,TEJASNET,Electronic Technology,Telecommunications Equipment,False,False,False,False,False,True,True,True,False,False,
608,Manorama Industries Ltd.,MANORAMA,Consumer Non-Durables,Food: Specialty/Candy,False,False,False,False,False,False,True,False,True,False,
609,Clean Science & Technology Ltd.,CLEAN,Process Industries,Chemicals: Specialty,False,False,False,False,False,True,True,True,False,False,
610,SKF India Limited,SKFINDIA,Producer Manufacturing,Metal Fabrication,False,False,False,False,False,False,True,False,True,False,
611,HMT Ltd.,HMT,Producer Manufacturing,Industrial Machinery,False,False,False,False,False,False,False,False,False,False,HMT-BZ
612,JK Lakshmi Cement Limited,JKLAKSHMI,Non-Energy Minerals,Construction Materials,False,False,False,False,False,False,True,False,True,False,
613,Transport Corporation of India Limited,TCI,Transportation,Trucking,False,False,False,False,False,False,False,False,False,False,
614,IRB InvIT Fund,IRBINVIT,Finance,Real Estate Investment Trusts,False,False,False,False,False,False,False,False,False,False,IRBINVIT-IV
615,Varroc Engineering Limited,VARROC,Producer Manufacturing,Auto Parts: OEM,False,False,False,False,False,False,True,False,True,False,
616,Zee Entertainment Enterprises Limited,ZEEL,Consumer Services,Broadcasting,False,False,False,False,False,True,True,True,False,False,
617,Safari Industries (India) Limited,SAFARI,Consumer Durables,Other Consumer Specialties,False,False,False,False,False,False,True,False,True,False,
618,Kirloskar Pneumatic Co. Ltd.,KIRLPNU,Producer Manufacturing,Industrial Machinery,False,False,False,False,False,False,True,False,True,False,
619,KRBL Limited,KRBL,Process Industries,Agricultural Commodities/Milling,False,False,False,False,False,False,True,False,True,False,
620,Archean Chemical Industries Ltd.,ACI,Process Industries,Chemicals: Major Diversified,False,False,False,False,False,False,True,False,True,False,
621,Religare Enterprises Limited,RELIGARE,Finance,Multi-Line Insurance,False,False,False,False,False,False,True,False,True,False,
622,PC Jeweller Ltd.,PCJEWELLER,Consumer Durables,Other Consumer Specialties,False,False,False,False,False,False,True,False,True,False,
623,Campus Activewear Ltd.,CAMPUS,Consumer Non-Durables,Apparel/Footwear,False,False,False,False,False,False,True,False,True,False,
624,Apollo Micro Systems Ltd.,APOLLO,Electronic Technology,Electronic Production Equipment,False,False,False,False,False,False,True,False,True,False,
625,Gujarat Pipavav Port Limited,GPPL,Transportation,Marine Shipping,False,False,False,False,False,False,True,False,True,False,
626,Mahindra Lifespace Developers Limited,MAHLIFE,Finance,Real Estate Development,False,False,False,False,False,False,False,False,False,False,
627,EPL Limited,EPL,Process Industries,Containers/Packaging,False,False,False,False,False,False,True,False,True,False,
628,Amagi Media Labs Limited,AMAGI,Technology Services,Packaged Software,False,False,False,False,False,False,False,False,False,False,
629,Indian Metals & Ferro Alloys Ltd.,IMFA,Non-Energy Minerals,Other Metals/Minerals,False,False,False,False,False,False,True,False,True,False,
630,SEDEMAC Mechatronics Ltd.,SEDEMAC,Producer Manufacturing,Auto Parts: OEM,False,False,False,False,False,False,False,False,False,False,
631,Lloyds Engineering Works Ltd,LLOYDSENGG,Industrial Services,Engineering & Construction,False,False,False,False,False,False,True,False,True,False,
632,V2 Retail Limited,V2RETAIL,Retail Trade,Apparel/Footwear Retail,False,False,False,False,False,False,True,False,True,False,
633,Aditya Birla Fashion and Retail Ltd,ABFRL,Retail Trade,Apparel/Footwear Retail,False,False,False,False,False,True,True,True,False,False,
634,Shadowfax Technologies Limited,SHADOWFAX,Technology Services,Packaged Software,False,False,False,False,False,False,False,False,False,False,
635,Birla Corporation Limited,BIRLACORPN,Non-Energy Minerals,Construction Materials,False,False,False,False,False,False,True,False,True,False,
636,Westlife Foodworld Limited,WESTLIFE,Consumer Services,Restaurants,False,False,False,False,False,False,True,False,True,False,
637,AXISCADES Technologies Ltd.,AXISCADES,Commercial Services,Miscellaneous Commercial Services,False,False,False,False,False,False,True,False,True,False,
638,Transrail Lighting Limited,TRANSRAILL,Industrial Services,Engineering & Construction,False,False,False,False,False,False,True,False,True,False,
639,Pearl Global Industries Limited,PGIL,Consumer Non-Durables,Apparel/Footwear,False,False,False,False,False,False,True,False,True,False,
640,Tips Music Limited,TIPSMUSIC,Consumer Services,Movies/Entertainment,False,False,False,False,False,False,True,False,True,False,
641,Alkyl Amines Chemicals Limited,ALKYLAMINE,Process Industries,Chemicals: Specialty,False,False,False,False,False,False,True,False,True,False,
642,CSB Bank Ltd.,CSBBANK,Finance,Major Banks,False,False,False,False,False,False,True,False,True,False,
643,Quality Power Electrical Equipments Ltd.,QPOWER,Producer Manufacturing,Electrical Products,False,False,False,False,False,False,True,False,True,False,
644,Diamond Power Infrastructure Limited,DIACABS,Producer Manufacturing,Electrical Products,False,False,False,False,False,False,True,False,True,False,
645,Embassy Developments Limited,EMBDL,Finance,Real Estate Development,False,False,False,False,False,False,True,False,True,False,EMBDL-BE
646,Bluestone Jewellery and Lifestyle Limited,BLUESTONE,Retail Trade,Specialty Stores,False,False,False,False,False,False,True,False,True,False,
647,Relaxo Footwears Limited,RELAXO,Consumer Non-Durables,Apparel/Footwear,False,False,False,False,False,False,True,False,True,False,
648,Equitas Small Finance Bank Ltd.,EQUITASBNK,Finance,Regional Banks,False,False,False,False,False,False,True,False,True,False,
649,Sudeep Pharma Limited,SUDEEPPHRM,Health Technology,Pharmaceuticals: Other,False,False,False,False,False,False,True,False,True,False,
650,Pricol Ltd.,PRICOLLTD,Producer Manufacturing,Auto Parts: OEM,False,False,False,False,False,False,True,False,True,False,
651,Vikram Solar Limited,VIKRAMSOLR,Electronic Technology,Semiconductors,False,False,False,False,False,False,True,False,True,False,
652,Rashtriya Chemicals & Fertilizers Ltd.,RCF,Process Industries,Chemicals: Agricultural,False,False,False,False,False,False,True,False,True,False,
653,Dilip Buildcon Ltd.,DBL,Industrial Services,Engineering & Construction,False,False,False,False,False,False,True,False,True,False,
654,Sonata Software Limited,SONATSOFTW,Technology Services,Information Technology Services,False,False,False,False,False,True,True,True,False,False,
655,Fujiyama Power Systems Limited,UTLSOLAR,Electronic Technology,Semiconductors,False,False,False,False,False,False,True,False,True,False,
656,Gujarat Ambuja Exports Limited,GAEL,Consumer Non-Durables,Food: Specialty/Candy,False,False,False,False,False,False,True,False,True,False,
657,ISGEC Heavy Engineering Ltd.,ISGEC,Industrial Services,Engineering & Construction,False,False,False,False,False,False,False,False,False,False,
658,Yatharth Hospital and Trauma Care Services Limited,YATHARTH,Health Services,Hospital/Nursing Management,False,False,False,False,False,False,True,False,True,False,
659,Alok Industries Limited,ALOKINDS,Process Industries,Textiles,False,False,False,False,False,False,True,False,True,False,
660,Redtape Limited,REDTAPE,Retail Trade,Apparel/Footwear Retail,False,False,False,False,False,False,True,False,True,False,
661,Dynamatic Technologies Limited,DYNAMATECH,Producer Manufacturing,Industrial Machinery,False,False,False,False,False,False,True,False,True,False,
662,Avalon Technologies Limited,AVALON,Electronic Technology,Electronic Production Equipment,False,False,False,False,False,False,True,False,True,False,
663,Sri Lotus Developers and Realty Limited,LOTUSDEV,Finance,Real Estate Development,False,False,False,False,False,False,True,False,True,False,
664,TTK Prestige Limited,TTKPRESTIG,Consumer Durables,Home Furnishings,False,False,False,False,False,False,False,False,False,False,
665,Ethos Ltd.,ETHOSLTD,Retail Trade,Catalog/Specialty Distribution,False,False,False,False,False,False,True,False,True,False,
666,Newgen Software Technologies Limited,NEWGEN,Technology Services,Packaged Software,False,False,False,False,False,True,True,True,False,False,
667,Power Mech Projects Ltd.,POWERMECH,Industrial Services,Engineering & Construction,False,False,False,False,False,False,True,False,True,False,
668,Cera Sanitaryware Limited,CERA,Consumer Durables,Home Furnishings,False,False,False,False,False,False,True,False,True,False,
669,RateGain Travel Technologies Ltd.,RATEGAIN,Technology Services,Packaged Software,False,False,False,False,False,False,True,False,True,False,
670,Blue Jet Healthcare Limited,BLUEJET,Health Technology,Pharmaceuticals: Major,False,False,False,False,False,True,True,True,False,False,
671,Dodla Dairy Ltd.,DODLA,Consumer Non-Durables,Food: Meat/Fish/Dairy,False,False,False,False,False,False,False,False,False,False,
672,Gujarat State Fertilizers & Chemicals Limited,GSFC,Process Industries,Chemicals: Agricultural,False,False,False,False,False,False,True,False,True,False,
673,Shakti Pumps (India) Limited,SHAKTIPUMP,Producer Manufacturing,Industrial Machinery,False,False,False,False,False,False,True,False,True,False,
674,Sudarshan Chemical Industries Limited,SUDARSCHEM,Process Industries,Chemicals: Specialty,False,False,False,False,False,False,True,False,True,False,
675,WeWork India Management Limited,WEWORK,Finance,Real Estate Development,False,False,False,False,False,False,True,False,True,False,
676,Galaxy Surfactants Ltd.,GALAXYSURF,Consumer Non-Durables,Household/Personal Care,False,False,False,False,False,False,False,False,False,False,
677,Prism Johnson Limited,PRSMJOHNSN,Non-Energy Minerals,Construction Materials,False,False,False,False,False,False,True,False,True,False,
678,PRAJ Industries Limited,PRAJIND,Industrial Services,Engineering & Construction,False,False,False,False,False,False,True,False,True,False,
679,Borosil Renewables Limited,BORORENEW,Process Industries,Industrial Specialties,False,False,False,False,False,False,True,False,True,False,
680,SML Mahindra Limited,SMLMAH,Consumer Durables,Motor Vehicles,False,False,False,False,False,False,True,False,True,False,
681,SG Mart Ltd,SGMART,Utilities,Electric Utilities,False,False,False,False,False,False,False,False,False,False,
682,Inox Green Energy Services Ltd.,INOXGREEN,Utilities,Alternative Power Generation,False,False,False,False,False,False,True,False,True,False,
683,Latent View Analytics Limited,LATENTVIEW,Commercial Services,Miscellaneous Commercial Services,False,False,False,False,False,True,True,True,False,False,
684,Aarti Pharmalabs Limited,AARTIPHARM,Health Technology,Pharmaceuticals: Major,False,False,False,False,False,False,True,False,True,False,
685,Thyrocare Technologies Ltd,THYROCARE,Health Services,Medical/Nursing Services,False,False,False,False,False,False,True,False,True,False,
686,Kalpataru Ltd.,KALPATARU,Finance,Real Estate Development,False,False,False,False,False,False,False,False,False,False,
687,Welspun Enterprises Ltd.,WELENT,Industrial Services,Engineering & Construction,False,False,False,False,False,False,True,False,True,False,
688,Aditya Vision Ltd.,AVL,Retail Trade,Electronics/Appliance Stores,False,False,False,False,False,False,True,False,True,False,
689,Saregama India Limited,SAREGAMA,Consumer Services,Movies/Entertainment,False,False,False,False,False,True,True,True,False,False,
690,Gujarat Narmada Valley Fertilizers & Chemicals Ltd.,GNFC,Process Industries,Chemicals: Specialty,False,False,False,False,False,False,True,False,True,False,
691,India Glycols Limited,INDIAGLYCO,Process Industries,Chemicals: Specialty,False,False,False,False,False,False,True,False,True,False,
692,Arvind Fashions Ltd.,ARVINDFASN,Retail Trade,Apparel/Footwear Retail,False,False,False,False,False,False,True,False,True,False,
693,Garware Technical Fibres Limited,GARFIBRES,Producer Manufacturing,Miscellaneous Manufacturing,False,False,False,False,False,False,False,False,False,False,
694,Moil Limited,MOIL,Non-Energy Minerals,Other Metals/Minerals,False,False,False,False,False,False,True,False,True,False,
695,Tanla Platforms Ltd,TANLA,Technology Services,Information Technology Services,False,False,False,False,False,False,True,False,True,False,
696,DCB Bank Limited,DCBBANK,Finance,Regional Banks,False,False,False,False,False,False,True,False,True,False,
697,Mishra Dhatu Nigam Ltd.,MIDHANI,Non-Energy Minerals,Other Metals/Minerals,False,False,False,False,False,False,True,False,True,False,
698,Hindustan Foods Ltd.,HNDFDS,Consumer Non-Durables,Food: Specialty/Candy,False,False,False,False,False,False,False,False,False,False,
699,Krn Heat Exchanger and Refrigeration Limited,KRN,Producer Manufacturing,Industrial Machinery,False,False,False,False,False,False,True,False,True,False,
700,Sky Gold and Diamonds Limited,SKYGOLD,Consumer Durables,Other Consumer Specialties,False,False,False,False,False,False,True,False,True,False,
701,Max Estates Limited,MAXESTATES,Finance,Real Estate Development,False,False,False,False,False,False,False,False,False,False,
702,Shree Renuka Sugars Limited,RENUKA,Process Industries,Agricultural Commodities/Milling,False,False,False,False,False,False,True,False,True,False,
703,Gokul Agro Resources Ltd.,GOKULAGRO,Process Industries,Agricultural Commodities/Milling,False,False,False,False,False,False,True,False,True,False,
704,Suprajit Engineering Limited,SUPRAJIT,Producer Manufacturing,Auto Parts: OEM,False,False,False,False,False,False,False,False,False,False,
705,JK Paper Limited,JKPAPER,Process Industries,Pulp & Paper,False,False,False,False,False,False,True,False,True,False,
706,Happiest Minds Technologies Ltd.,HAPPSTMNDS,Technology Services,Data Processing Services,False,False,False,False,False,False,True,False,True,False,
707,Mrs. Bector's Food Specialities Ltd.,BECTORFOOD,Consumer Non-Durables,Food: Specialty/Candy,False,False,False,False,False,False,True,False,True,False,
708,Greenlam Industries Ltd,GREENLAM,Non-Energy Minerals,Forest Products,False,False,False,False,False,False,False,False,False,False,
709,Kingfa Science & Technology (India) Limited,KINGFA,Process Industries,Chemicals: Specialty,False,False,False,False,False,False,False,False,False,False,
710,Kwality Walls (India) Limited,KWIL,Consumer Non-Durables,Food: Meat/Fish/Dairy,False,False,False,False,False,False,False,False,False,False,
711,Jai Balaji Industries Limited,JAIBALAJI,Non-Energy Minerals,Steel,False,False,False,False,False,False,True,False,True,False,
712,Shreeji Shipping Global Limited,SHREEJISPG,Transportation,Other Transportation,False,False,False,False,False,False,False,False,False,False,
713,Fiem Industries Limited,FIEMIND,Producer Manufacturing,Auto Parts: OEM,False,False,False,False,False,False,True,False,True,False,
714,Sheela Foam Ltd.,SFL,Process Industries,Industrial Specialties,False,False,False,False,False,False,True,False,True,False,
715,MAS Financial Services Ltd.,MASFIN,Finance,Finance/Rental/Leasing,False,False,False,False,False,False,False,False,False,False,
716,FDC Ltd.,FDC,Health Technology,Pharmaceuticals: Major,False,False,False,False,False,False,False,False,False,False,
717,Precision Wires India Limited,PRECWIRE,Producer Manufacturing,Electrical Products,False,False,False,False,False,False,False,False,False,False,
718,Piccadily Agro Industries Limited,PICCADIL,Process Industries,Agricultural Commodities/Milling,False,False,False,False,False,False,True,False,True,False,
719,L.G. Balakrishnan & Bros Ltd.,LGBBROSLTD,Producer Manufacturing,Electrical Products,False,False,False,False,False,False,False,False,False,False,
720,S.J.S. Enterprises Limited,SJS,Producer Manufacturing,Auto Parts: OEM,False,False,False,False,False,False,False,False,False,False,
721,Nephrocare Health Services Limited,NEPHROPLUS,Health Services,Medical/Nursing Services,False,False,False,False,False,False,False,False,False,False,
722,Balu Forge Industries Ltd,BALUFORGE,Producer Manufacturing,Trucks/Construction/Farm Machinery,False,False,False,False,False,False,True,False,True,False,
723,Senco Gold Limited,SENCO,Consumer Durables,Other Consumer Specialties,False,False,False,False,False,False,True,False,True,False,
724,Valor Estate Ltd,DBREALTY,Finance,Real Estate Development,False,False,False,False,False,False,True,False,True,False,
725,AvenuesAI Ltd,CCAVENUE,Commercial Services,Miscellaneous Commercial Services,False,False,False,False,False,False,True,False,True,False,
726,Ion Exchange (India) Ltd.,IONEXCHANG,Producer Manufacturing,Industrial Machinery,False,False,False,False,False,False,True,False,True,False,
727,Paras Defence & Space Technologies Ltd.,PARAS,Electronic Technology,Aerospace & Defense,False,False,False,False,False,False,True,False,True,False,
728,Sapphire Foods India Ltd.,SAPPHIRE,Consumer Services,Restaurants,False,False,False,False,False,True,True,True,False,False,
729,Saatvik Green Energy Ltd.,SAATVIKGL,Producer Manufacturing,Industrial Machinery,False,False,False,False,False,False,True,False,True,False,
730,Fedbank Financial Services Ltd.,FEDFINA,Finance,Finance/Rental/Leasing,False,False,False,False,False,False,True,False,True,False,
731,Technocraft Industries (India) Limited,TIIL,Producer Manufacturing,Metal Fabrication,False,False,False,False,False,False,False,False,False,False,
732,Ajax Engineering Ltd.,AJAXENGG,Producer Manufacturing,Trucks/Construction/Farm Machinery,False,False,False,False,False,False,False,False,False,False,
733,Ahluwalia Contracts (India) Limited,AHLUCONT,Industrial Services,Engineering & Construction,False,False,False,False,False,False,True,False,True,False,
734,Mahindra Holidays & Resorts India Limited,MHRIL,Consumer Services,Other Consumer Services,False,False,False,False,False,False,False,False,False,False,
735,ICRA Limited,ICRA,Commercial Services,Financial Publishing/Services,False,False,False,False,False,False,False,False,False,False,
736,Symphony Limited,SYMPHONY,Producer Manufacturing,Industrial Machinery,False,False,False,False,False,False,False,False,False,False,
737,C.E. Info Systems Ltd.,MAPMYINDIA,Commercial Services,Miscellaneous Commercial Services,False,False,False,False,False,True,True,True,False,False,
738,Canara Robeco Asset Management Co. Ltd.,CRAMC,Finance,Investment Managers,False,False,False,False,False,False,True,False,True,False,
739,Supriya Lifescience Limited,SUPRIYA,Health Technology,Pharmaceuticals: Major,False,False,False,False,False,False,True,False,True,False,
740,Bajaj Consumer Care Limited,BAJAJCON,Consumer Non-Durables,Household/Personal Care,False,False,False,False,False,False,False,False,False,False,
741,Electrosteel Castings Ltd.,ELECTCAST,Non-Energy Minerals,Steel,False,False,False,False,False,False,True,False,True,False,
742,Keystone Realtors Ltd.,RUSTOMJEE,Finance,Real Estate Development,False,False,False,False,False,False,False,False,False,False,
743,Ashapura Minechem Ltd,ASHAPURMIN,Non-Energy Minerals,Other Metals/Minerals,False,False,False,False,False,False,True,False,True,False,
744,Entero Healthcare Solutions Limited,ENTERO,Distribution Services,Medical Distributors,False,False,False,False,False,False,True,False,True,False,
745,Rallis India Limited,RALLIS,Process Industries,Chemicals: Agricultural,False,False,False,False,False,False,True,False,True,False,
746,Wakefit Innovations Limited,WAKEFIT,Retail Trade,Specialty Stores,False,False,False,False,False,False,True,False,True,False,
747,Pilani Investment And Industries Corporation Limited,PILANIINVS,Finance,Financial Conglomerates,False,False,False,False,False,False,False,False,False,False,
748,PTC India Limited,PTC,Utilities,Electric Utilities,False,False,False,False,False,False,True,False,True,False,
749,Ceigall India Limited,CEIGALL,Industrial Services,Engineering & Construction,False,False,False,False,False,False,False,False,False,False,
750,E2E Networks Ltd.,E2E,Technology Services,Information Technology Services,False,False,False,False,False,False,False,False,False,False,E2E-BE
751,Network18 Media & Investments Limited,NETWORK18,Consumer Services,Broadcasting,False,False,False,False,False,False,True,False,True,False,
752,V-Mart Retail Ltd,VMART,Retail Trade,Specialty Stores,False,False,False,False,False,False,True,False,True,False,
753,Indo Count Industries Limited,ICIL,Process Industries,Textiles,False,False,False,False,False,False,True,False,True,False,
754,Mastek Limited,MASTEK,Technology Services,Information Technology Services,False,False,False,False,False,False,True,False,True,False,
755,Gokaldas Exports Limited,GOKEX,Consumer Non-Durables,Apparel/Footwear,False,False,False,False,False,False,True,False,True,False,
756,Shilchar Technologies Limited,SHILCTECH,Producer Manufacturing,Electrical Products,False,False,False,False,False,False,False,False,False,False,
757,Lumax Industries Limited,LUMAXIND,Producer Manufacturing,Auto Parts: OEM,False,False,False,False,False,False,False,False,False,False,
758,CMS Info Systems Ltd.,CMSINFO,Finance,Investment Managers,False,False,False,False,False,False,True,False,True,False,
759,Ganesh Housing Limited,GANESHHOU,Consumer Durables,Homebuilding,False,False,False,False,False,False,False,False,False,False,
760,Raymond Lifestyle Limited,RAYMONDLSL,Consumer Non-Durables,Apparel/Footwear,False,False,False,False,False,False,True,False,True,False,
761,Jamna Auto Industries Limited,JAMNAAUTO,Producer Manufacturing,Auto Parts: OEM,False,False,False,False,False,False,True,False,True,False,
762,Thomas Cook (India) Limited,THOMASCOOK,Consumer Services,Other Consumer Services,False,False,False,False,False,False,True,False,True,False,
763,Just Dial Ltd.,JUSTDIAL,Technology Services,Internet Software/Services,False,False,False,False,False,False,True,False,True,False,
764,Midwest Limited,MIDWESTLTD,Non-Energy Minerals,Construction Materials,False,False,False,False,False,False,False,False,False,False,
765,Madhya Bharat Agro Products Ltd.,MBAPL,Process Industries,Chemicals: Agricultural,False,False,False,False,False,False,False,False,False,False,
766,Surya Roshni Limited,SURYAROSNI,Non-Energy Minerals,Steel,False,False,False,False,False,False,True,False,True,False,
767,Subros Limited,SUBROS,Producer Manufacturing,Industrial Machinery,False,False,False,False,False,False,True,False,True,False,
768,CARE Ratings Ltd,CARERATING,Commercial Services,Financial Publishing/Services,False,False,False,False,False,False,False,False,False,False,
769,Juniper Hotels Limited,JUNIPER,Consumer Services,Hotels/Resorts/Cruise lines,False,False,False,False,False,False,False,False,False,False,
770,PNC Infratech Ltd,PNCINFRA,Industrial Services,Engineering & Construction,False,False,False,False,False,False,True,False,True,False,
771,RattanIndia Power Limited,RTNPOWER,Utilities,Electric Utilities,False,False,False,False,False,False,True,False,True,False,
772,Kaveri Seed Co. Ltd.,KSCL,Process Industries,Agricultural Commodities/Milling,False,False,False,False,False,False,True,False,True,False,
773,Aurionpro Solutions Limited,AURIONPRO,Technology Services,Information Technology Services,False,False,False,False,False,False,True,False,True,False,
774,Sunteck Realty Limited,SUNTECK,Finance,Real Estate Development,False,False,False,False,False,False,True,False,True,False,
775,V.I.P.INDUSTRIES LTD.,VIPIND,Consumer Durables,Other Consumer Specialties,False,False,False,False,False,False,True,False,True,False,
776,TVS Supply Chain Solutions Ltd.,TVSSCS,Transportation,Air Freight/Couriers,False,False,False,False,False,False,True,False,True,False,TVSSCS-BE
777,Dhanuka Agritech Limited,DHANUKA,Process Industries,Chemicals: Specialty,False,False,False,False,False,False,False,False,False,False,
778,Smartworks Coworking Spaces Limited,SMARTWORKS,Finance,Real Estate Development,False,False,False,False,False,False,True,False,True,False,
779,Sharda Motor Industries Ltd.,SHARDAMOTR,Producer Manufacturing,Auto Parts: OEM,False,False,False,False,False,False,False,False,False,False,
780,Swaraj Engines Ltd,SWARAJENG,Producer Manufacturing,Auto Parts: OEM,False,False,False,False,False,False,False,False,False,False,
781,Bannari Amman Sugars Limited,BANARISUG,Process Industries,Agricultural Commodities/Milling,False,False,False,False,False,False,False,False,False,False,
782,Gulf Oil Lubricants India Ltd,GULFOILLUB,Energy Minerals,Oil Refining/Marketing,False,False,False,False,False,False,False,False,False,False,
783,VST Tillers Tractors Limited,VSTTILLERS,Producer Manufacturing,Trucks/Construction/Farm Machinery,False,False,False,False,False,False,False,False,False,False,
784,Puravankara Limited,PURVA,Finance,Real Estate Development,False,False,False,False,False,False,True,False,True,False,
785,Sun Pharma Advanced Research Co. Ltd.,SPARC,Health Technology,Pharmaceuticals: Major,False,False,False,False,False,False,True,False,True,False,
786,Hindustan Construction Co. Ltd.,HCC,Industrial Services,Engineering & Construction,False,False,False,False,False,False,True,False,True,False,
787,RattanIndia Enterprises Limited,RTNINDIA,Commercial Services,Miscellaneous Commercial Services,False,False,False,False,False,False,True,False,True,False,
788,Epigral Ltd,EPIGRAL,Process Industries,Chemicals: Agricultural,False,False,False,False,False,False,False,False,False,False,
789,GHCL Limited,GHCL,Process Industries,Textiles,False,False,False,False,False,False,True,False,True,False,
790,Sunflag Iron & Steel Co. Ltd.,SUNFLAG,Non-Energy Minerals,Steel,False,False,False,False,False,False,False,False,False,False,
791,Gujarat Alkalies & Chemicals Ltd.,GUJALKALI,Process Industries,Chemicals: Specialty,False,False,False,False,False,False,False,False,False,False,
792,VRL Logistics Ltd.,VRLLOG,Transportation,Trucking,False,False,False,False,False,False,False,False,False,False,
793,Gng Electronics Limited,EBGNG,Technology Services,Information Technology Services,False,False,False,False,False,False,False,False,False,False,
794,Skipper Ltd,SKIPPER,Producer Manufacturing,Metal Fabrication,False,False,False,False,False,False,True,False,True,False,
795,Agi Infra Ltd.,AGIIL,Finance,Real Estate Development,False,False,False,False,False,False,False,False,False,False,
796,Knowledge Marine & Engineering Works Limited,KMEW,Producer Manufacturing,Trucks/Construction/Farm Machinery,False,False,False,False,False,False,False,False,False,False,
797,Jana Small Finance Bank Ltd,JSFB,Finance,Regional Banks,False,False,False,False,False,False,True,False,True,False,
798,PDS Limited,PDSL,Consumer Non-Durables,Apparel/Footwear,False,False,False,False,False,False,False,False,False,False,
799,NIIT Learning Systems Ltd,NIITMTS,Commercial Services,Miscellaneous Commercial Services,False,False,False,False,False,False,False,False,False,False,
800,IFB Industries Ltd,IFBIND,Consumer Durables,Electronics/Appliances,False,False,False,False,False,False,True,False,True,False,
801,Bansal Wire Industries Limited,BANSALWIRE,Non-Energy Minerals,Steel,False,False,False,False,False,False,False,False,False,False,
802,Datamatics Global Services Limited,DATAMATICS,Technology Services,Packaged Software,False,False,False,False,False,False,True,False,True,False,
803,Bajaj Electricals Limited,BAJAJELEC,Consumer Durables,Electronics/Appliances,False,False,False,False,False,False,True,False,True,False,
804,Oswal Pumps Limited,OSWALPUMPS,Producer Manufacturing,Industrial Machinery,False,False,False,False,False,False,True,False,True,False,
805,Sterling And Wilson Renewable Energy Limited,SWSOLAR,Industrial Services,Engineering & Construction,False,False,False,False,False,False,True,False,True,False,
806,SIS Limited,SIS,Commercial Services,Miscellaneous Commercial Services,False,False,False,False,False,False,False,False,False,False,
807,Capillary Technologies India Ltd.,CAPILLARY,Technology Services,Packaged Software,False,False,False,False,False,False,True,False,True,False,
808,Omnitech Engineering Limited,OMNI,Producer Manufacturing,Metal Fabrication,False,False,False,False,False,False,False,False,False,False,
809,GMM Pfaudler Limited,GMMPFAUDLR,Producer Manufacturing,Industrial Machinery,False,False,False,False,False,False,True,False,True,False,
810,Oriana Power Limited,ORIANA,Industrial Services,Engineering & Construction,False,False,False,False,False,False,False,False,False,False,ORIANA-SM
811,eMudhra Limited,EMUDHRA,Technology Services,Packaged Software,False,False,False,False,False,False,False,False,False,False,
812,Rain Industries Limited,RAIN,Process Industries,Industrial Specialties,False,False,False,False,False,False,True,False,True,False,
813,Chemplast Sanmar Limited,CHEMPLASTS,Process Industries,Chemicals: Major Diversified,False,False,False,False,False,False,False,False,False,False,
814,Texmaco Rail & Engineering Limited,TEXRAIL,Producer Manufacturing,Trucks/Construction/Farm Machinery,False,False,False,False,False,False,True,False,True,False,
815,Centum Electronics Limited,CENTUM,Electronic Technology,Electronic Components,False,False,False,False,False,False,False,False,False,False,
816,Unimech Aerospace & Manufacturing Limited,UNIMECH,Producer Manufacturing,Industrial Machinery,False,False,False,False,False,False,False,False,False,False,
817,Electronics Mart India Limited,EMIL,Retail Trade,Electronics/Appliance Stores,False,False,False,False,False,False,True,False,True,False,
818,Lux Industries Ltd.,LUXIND,Consumer Non-Durables,Apparel/Footwear,False,False,False,False,False,False,False,False,False,False,
819,Seshaasai Technologies Limited,STYL,Technology Services,Packaged Software,False,False,False,False,False,False,True,False,True,False,
820,Suven Life Sciences Limited,SUVEN,Health Technology,Pharmaceuticals: Major,False,False,False,False,False,False,False,False,False,False,
821,Indraprastha Medical Corporation Limited,INDRAMEDCO,Health Services,Hospital/Nursing Management,False,False,False,False,False,False,False,False,False,False,
822,Innova Captab Limited,INNOVACAP,Health Technology,Pharmaceuticals: Major,False,False,False,False,False,False,False,False,False,False,
823,NACL Industries Ltd,NACLIND,Process Industries,Chemicals: Agricultural,False,False,False,False,False,False,False,False,False,False,
824,Indigo Paints Ltd,INDIGOPNTS,Process Industries,Industrial Specialties,False,False,False,False,False,False,True,False,True,False,
825,Northern Arc Capital Ltd.,NORTHARC,Finance,Finance/Rental/Leasing,False,False,False,False,False,False,False,False,False,False,
826,SEAMEC Limited,SEAMECLTD,Industrial Services,Oilfield Services/Equipment,False,False,False,False,False,False,False,False,False,False,
827,Avantel Limited,AVANTEL,Electronic Technology,Telecommunications Equipment,False,False,False,False,False,False,False,False,False,False,
828,Goldiam International Limited,GOLDIAM,Consumer Durables,Other Consumer Specialties,False,False,False,False,False,False,False,False,False,False,
829,Man Infraconstruction Limited,MANINFRA,Finance,Real Estate Development,False,False,False,False,False,False,False,False,False,False,
830,India Tourism Development Corp. Ltd.,ITDC,Consumer Services,Hotels/Resorts/Cruise lines,False,False,False,False,False,False,False,False,False,False,
831,Mahindra Logistics Ltd.,MAHLOG,Transportation,Air Freight/Couriers,False,False,False,False,False,False,False,False,False,False,
832,Stylam Industries Limited,STYLAMIND,Non-Energy Minerals,Forest Products,False,False,False,False,False,False,False,False,False,False,
833,DB Corp. Ltd.,DBCORP,Consumer Services,Publishing: Newspapers,False,False,False,False,False,False,False,False,False,False,
834,VST Industries Limited,VSTIND,Consumer Non-Durables,Tobacco,False,False,False,False,False,False,False,False,False,False,
835,SMS Pharmaceuticals Limited,SMSPHARMA,Health Technology,Pharmaceuticals: Major,False,False,False,False,False,False,False,False,False,False,
836,Crizac Limited,CRIZAC,Technology Services,Internet Software/Services,False,False,False,False,False,False,True,False,True,False,
837,TARC Limited,TARC,Finance,Real Estate Development,False,False,False,False,False,False,True,False,True,False,
838,Zota Health Care Ltd.,ZOTA,Health Technology,Pharmaceuticals: Major,False,False,False,False,False,False,False,False,False,False,
839,Indo Thai Securities Limited,INDOTHAI,Finance,Investment Banks/Brokers,False,False,False,False,False,False,False,False,False,False,
840,Responsive Industries Limited,RESPONIND,Non-Energy Minerals,Forest Products,False,False,False,False,False,False,False,False,False,False,
841,Sanathan Textiles Limited,SANATHAN,Process Industries,Textiles,False,False,False,False,False,False,False,False,False,False,
842,Jindal Poly Films Limited,JINDALPOLY,Process Industries,Containers/Packaging,False,False,False,False,False,False,False,False,False,False,
843,JTEKT India Limited,JTEKTINDIA,Consumer Durables,Automotive Aftermarket,False,False,False,False,False,False,False,False,False,False,
844,Anup Engineering Ltd.,ANUP,Producer Manufacturing,Industrial Machinery,False,False,False,False,False,False,True,False,True,False,
845,Artemis Medicare Services Ltd.,ARTEMISMED,Health Services,Hospital/Nursing Management,False,False,False,False,False,False,False,False,False,False,
846,Krishana Phoschem Ltd.,KRISHANA,Process Industries,Chemicals: Agricultural,False,False,False,False,False,False,False,False,False,False,
847,National Fertilizers Ltd.,NFL,Process Industries,Chemicals: Agricultural,False,False,False,False,False,False,True,False,True,False,
848,Restaurant Brands Asia Limited,RBA,Consumer Services,Restaurants,False,False,False,False,False,False,True,False,True,False,
849,Senores Pharmaceuticals Ltd.,SENORES,Health Technology,Pharmaceuticals: Major,False,False,False,False,False,False,False,False,False,False,
850,Goodluck India Ltd.,GOODLUCK,Non-Energy Minerals,Steel,False,False,False,False,False,False,False,False,False,False,
851,J. Kumar Infraprojects Limited,JKIL,Industrial Services,Engineering & Construction,False,False,False,False,False,False,False,False,False,False,
852,Hemisphere Properties India Ltd.,HEMIPROP,Finance,Real Estate Development,False,False,False,False,False,False,True,False,True,False,
853,Trualt Bioenergy Limited,TRUALT,Process Industries,Chemicals: Specialty,False,False,False,False,False,False,False,False,False,False,
854,Pondy Oxides & Chemicals Ltd.,POCL,Non-Energy Minerals,Other Metals/Minerals,False,False,False,False,False,False,False,False,False,False,
855,Shanthi Gears Limited,SHANTIGEAR,Producer Manufacturing,Auto Parts: OEM,False,False,False,False,False,False,False,False,False,False,
856,Foseco India Limited,FOSECOIND,Process Industries,Chemicals: Major Diversified,False,False,False,False,False,False,False,False,False,False,
857,Samhi Hotels Limited,SAMHI,Consumer Services,Hotels/Resorts/Cruise lines,False,False,False,False,False,False,True,False,True,False,
858,Neogen Chemicals Ltd.,NEOGEN,Process Industries,Chemicals: Specialty,False,False,False,False,False,False,True,False,True,False,
859,Sindhu Trade Links Ltd.,SINDHUTRAD,Transportation,Air Freight/Couriers,False,False,False,False,False,False,False,False,False,False,
860,Vishnu Chemicals Limited,VISHNU,Process Industries,Chemicals: Specialty,False,False,False,False,False,False,False,False,False,False,
861,Vaibhav Global Ltd.,VAIBHAVGBL,Consumer Durables,Other Consumer Specialties,False,False,False,False,False,False,True,False,True,False,
862,AGI Greenpac Limited,AGI,Process Industries,Containers/Packaging,False,False,False,False,False,False,False,False,False,False,
863,Reliance Infrastructure Limited,RELINFRA,Utilities,Electric Utilities,False,False,False,False,False,False,False,False,False,False,RELINFRA-BE
864,Rolex Rings Limited,ROLEXRINGS,Producer Manufacturing,Metal Fabrication,False,False,False,False,False,False,False,False,False,False,
865,Laxmi Organic Industries Ltd.,LXCHEM,Process Industries,Chemicals: Specialty,False,False,False,False,False,False,True,False,True,False,
866,Paisalo Digital Ltd.,PAISALO,Finance,Finance/Rental/Leasing,False,False,False,False,False,False,False,False,False,False,
867,Balaji Amines Limited,BALAMINES,Process Industries,Chemicals: Specialty,False,False,False,False,False,False,True,False,True,False,
868,IndoStar Capital Finance Limited,INDOSTAR,Finance,Finance/Rental/Leasing,False,False,False,False,False,False,False,False,False,False,
869,Aeroflex Industries Ltd.,AEROFLEX,Producer Manufacturing,Industrial Machinery,False,False,False,False,False,False,False,False,False,False,
870,Cigniti Technologies Limited,CIGNITITEC,Technology Services,Information Technology Services,False,False,False,False,False,False,True,False,True,False,
871,Bosch Home Comfort India Ltd,BOSCH-HCIL,Consumer Durables,Electronics/Appliances,False,False,False,False,False,False,False,False,False,False,
872,Heidelbergcement India Limited.,HEIDELBERG,Non-Energy Minerals,Construction Materials,False,False,False,False,False,False,False,False,False,False,
873,Gopal Snacks Limited,GOPAL,Consumer Non-Durables,Food: Specialty/Candy,False,False,False,False,False,False,False,False,False,False,
874,Greaves Cotton Limited,GREAVESCOT,Producer Manufacturing,Trucks/Construction/Farm Machinery,False,False,False,False,False,False,True,False,True,False,
875,Ashoka Buildcon Limited,ASHOKA,Industrial Services,Engineering & Construction,False,False,False,False,False,False,True,False,True,False,
876,Moschip Technologies Ltd,MOSCHIP,Electronic Technology,Semiconductors,False,False,False,False,False,False,False,False,False,False,
877,Orient Electric Ltd.,ORIENTELEC,Consumer Durables,Electronics/Appliances,False,False,False,False,False,False,False,False,False,False,
878,Wonderla Holidays Ltd.,WONDERLA,Consumer Services,Movies/Entertainment,False,False,False,False,False,False,False,False,False,False,
879,RPSG Ventures Limited,RPSGVENT,Finance,Financial Conglomerates,False,False,False,False,False,False,False,False,False,False,
880,Zaggle Prepaid Ocean Services Limited,ZAGGLE,Technology Services,Packaged Software,False,False,False,False,False,False,True,False,True,False,
881,Styrenix Performance Materials Ltd,STYRENIX,Process Industries,Chemicals: Specialty,False,False,False,False,False,False,True,False,True,False,
882,R Systems International Limited,RSYSTEMS,Technology Services,Information Technology Services,False,False,False,False,False,False,False,False,False,False,
883,Sambhv Steel Tubes Limited,SAMBHV,Non-Energy Minerals,Steel,False,False,False,False,False,False,False,False,False,False,
884,Kitex Garments Limited,KITEX,Process Industries,Textiles,False,False,False,False,False,False,True,False,True,False,
885,H.G. Infra Engineering Ltd.,HGINFRA,Industrial Services,Engineering & Construction,False,False,False,False,False,False,True,False,True,False,
886,Anand Rathi Share and Stock Brokers Limited,ARSSBL,Finance,Investment Banks/Brokers,False,False,False,False,False,False,False,False,False,False,
887,Websol Energy System Limited,WEBELSOLAR,Electronic Technology,Semiconductors,False,False,False,False,False,False,True,False,True,False,
888,KSH International Ltd.,KSHINTL,Producer Manufacturing,Electrical Products,False,False,False,False,False,False,False,False,False,False,
889,KNR Constructions Limited,KNRCON,Industrial Services,Engineering & Construction,False,False,False,False,False,False,True,False,True,False,
890,Ramky Infrastructure Limited,RAMKY,Industrial Services,Engineering & Construction,False,False,False,False,False,False,False,False,False,False,
891,Aarti Drugs Limited,AARTIDRUGS,Health Technology,Pharmaceuticals: Major,False,False,False,False,False,False,True,False,True,False,
892,Vadilal Industries Limited,VADILALIND,Consumer Non-Durables,Food: Specialty/Candy,False,False,False,False,False,False,False,False,False,False,
893,Man Industries (India) Limited,MANINDS,Producer Manufacturing,Industrial Machinery,False,False,False,False,False,False,False,False,False,False,
894,Shoppers Stop Limited,SHOPERSTOP,Retail Trade,Department Stores,False,False,False,False,False,False,False,False,False,False,
895,Advanced Enzyme Technologies Ltd,ADVENZYMES,Consumer Non-Durables,Food: Specialty/Candy,False,False,False,False,False,False,True,False,True,False,
896,Flair Writing Industries Limited,FLAIR,Producer Manufacturing,Office Equipment/Supplies,False,False,False,False,False,False,False,False,False,False,
897,Interarch Building Solutions Ltd,INTERARCH,Producer Manufacturing,Building Products,False,False,False,False,False,False,False,False,False,False,
898,Indiqube Spaces Limited,INDIQUBE,Finance,Real Estate Development,False,False,False,False,False,False,False,False,False,False,
899,Harsha Engineers International Ltd.,HARSHA,Producer Manufacturing,Metal Fabrication,False,False,False,False,False,False,False,False,False,False,
900,Pace Digitek Limited,PACEDIGITK,Utilities,Electric Utilities,False,False,False,False,False,False,False,False,False,False,
901,Optiemus Infracom Limited,OPTIEMUS,Distribution Services,Electronics Distributors,False,False,False,False,False,False,True,False,True,False,
902,Steel Strips Wheels Ltd,SSWL,Producer Manufacturing,Auto Parts: OEM,False,False,False,False,False,False,False,False,False,False,
903,Ellenbarrie Industrial Gases Limited,ELLEN,Process Industries,Chemicals: Specialty,False,False,False,False,False,False,True,False,True,False,
904,Ashiana Housing Limited,ASHIANA,Finance,Real Estate Development,False,False,False,False,False,False,False,False,False,False,
905,Tourism Finance Corporation of India Limited,TFCILTD,Finance,Finance/Rental/Leasing,False,False,False,False,False,False,False,False,False,False,
906,Kirloskar Industries Limited,KIRLOSIND,Non-Energy Minerals,Steel,False,False,False,False,False,False,False,False,False,False,
907,RPG Life Sciences Limited,RPGLIFE,Health Technology,Pharmaceuticals: Major,False,False,False,False,False,False,False,False,False,False,
908,Raghav Productivity Enhancers Ltd.,RPEL,Process Industries,Chemicals: Major Diversified,False,False,False,False,False,False,False,False,False,False,
909,GRM Overseas Ltd.,GRMOVER,Process Industries,Agricultural Commodities/Milling,False,False,False,False,False,False,False,False,False,False,
910,Gujarat Themis Biosyn Ltd,GUJTHEM,Health Technology,Pharmaceuticals: Major,False,False,False,False,False,False,False,False,False,False,
911,"Route Mobile, Ltd.",ROUTE,Communications,Major Telecommunications,False,False,False,False,False,False,True,False,True,False,
912,Refex Industries Limited,REFEX,Energy Minerals,Coal,False,False,False,False,False,False,True,False,True,False,
913,Share India Securities Ltd,SHAREINDIA,Finance,Investment Banks/Brokers,False,False,False,False,False,False,True,False,True,False,
914,Heritage Foods Limited,HERITGFOOD,Consumer Non-Durables,Food: Meat/Fish/Dairy,False,False,False,False,False,False,True,False,True,False,
915,Marathon Nextgen Realty Limited,MARATHON,Finance,Real Estate Development,False,False,False,False,False,False,False,False,False,False,
916,Ram Ratna Wires Limited,RAMRAT,Producer Manufacturing,Electrical Products,False,False,False,False,False,False,False,False,False,False,
917,Gufic Biosciences Limited,GUFICBIO,Health Technology,Pharmaceuticals: Major,False,False,False,False,False,False,False,False,False,False,
918,Dalmia Bharat Sugar & Industries Ltd.,DALMIASUG,Process Industries,Agricultural Commodities/Milling,False,False,False,False,False,False,False,False,False,False,
919,Enviro Infra Engineers Limited,EIEL,Industrial Services,Environmental Services,False,False,False,False,False,False,True,False,True,False,
920,Rossell Techsys Limited,ROSSTECH,Electronic Technology,Telecommunications Equipment,False,False,False,False,False,False,False,False,False,False,
921,Pitti Engineering Ltd.,PITTIENG,Producer Manufacturing,Industrial Machinery,False,False,False,False,False,False,False,False,False,False,
922,Sigma Advanced Systems Limited,SIGMAADV,Technology Services,Information Technology Services,False,False,False,False,False,False,False,False,False,False,SIGMAADV-BE
923,Rajesh Exports Limited,RAJESHEXPO,Consumer Durables,Other Consumer Specialties,False,False,False,False,False,False,False,False,False,False,RAJESHEXPO-BZ
924,MPS Limited,MPSLTD,Consumer Services,Publishing: Books/Magazines,False,False,False,False,False,False,False,False,False,False,
925,GE Power India Ltd.,GVPIL,Industrial Services,Engineering & Construction,False,False,False,False,False,False,False,False,False,False,GVPIL-BE
926,Prabha Energy Limited,PRABHA,Energy Minerals,Oil & Gas Production,False,False,False,False,False,False,False,False,False,False,
927,Borosil Ltd,BOROLTD,Producer Manufacturing,Miscellaneous Manufacturing,False,False,False,False,False,False,False,False,False,False,
928,Bhagiradha Chemicals & Industries Ltd.,BHAGCHEM,Process Industries,Chemicals: Agricultural,False,False,False,False,False,False,False,False,False,False,
929,Raymond Realty Limited,RAYMONDREL,Finance,Real Estate Development,False,False,False,False,False,False,False,False,False,False,
930,Navneet Education Limited,NAVNETEDUL,Producer Manufacturing,Office Equipment/Supplies,False,False,False,False,False,False,False,False,False,False,
931,Sandhar Technologies Ltd.,SANDHAR,Consumer Durables,Motor Vehicles,False,False,False,False,False,False,False,False,False,False,
932,West Coast Paper Mills Limited,WSTCSTPAPR,Producer Manufacturing,Office Equipment/Supplies,False,False,False,False,False,False,False,False,False,False,
933,Kalyani Steels Ltd,KSL,Non-Energy Minerals,Steel,False,False,False,False,False,False,False,False,False,False,
934,Easy Trip Planners Ltd.,EASEMYTRIP,Consumer Services,Other Consumer Services,False,False,False,False,False,False,False,False,False,False,
935,MSTC Ltd.,MSTCLTD,Retail Trade,Internet Retail,False,False,False,False,False,False,True,False,True,False,
936,Deep Industries Limited,DEEPINDS,Industrial Services,Oilfield Services/Equipment,False,False,False,False,False,False,False,False,False,False,
937,Kewal Kiran Clothing Limited,KKCL,Consumer Non-Durables,Apparel/Footwear,False,False,False,False,False,False,False,False,False,False,
938,Orient Cement Ltd.,ORIENTCEM,Non-Energy Minerals,Construction Materials,False,False,False,False,False,False,True,False,True,False,
939,Balmer Lawrie & Co. Ltd.,BALMLAWRIE,Producer Manufacturing,Industrial Conglomerates,False,False,False,False,False,False,False,False,False,False,
940,Pokarna Limited,POKARNA,Producer Manufacturing,Building Products,False,False,False,False,False,False,False,False,False,False,
941,Sundaram-Clayton Limited,SUNCLAY,Producer Manufacturing,Auto Parts: OEM,False,False,False,False,False,False,False,False,False,False,
942,Hubtown Limited,HUBTOWN,Finance,Real Estate Development,False,False,False,False,False,False,False,False,False,False,
943,Muthoot Microfin Ltd,MUTHOOTMF,Finance,Finance/Rental/Leasing,False,False,False,False,False,False,False,False,False,False,
944,KDDL Limited,KDDL,Consumer Durables,Other Consumer Specialties,False,False,False,False,False,False,False,False,False,False,
945,Nalwa Sons Investments Limited,NSIL,Finance,Financial Conglomerates,False,False,False,False,False,False,False,False,False,False,
946,Gateway Distriparks Limited,GATEWAY,Transportation,Railroads,False,False,False,False,False,False,False,False,False,False,
947,Quess Corp. Ltd.,QUESS,Commercial Services,Personnel Services,False,False,False,False,False,False,True,False,True,False,
948,Tatva Chintan Pharma Chem Limited,TATVA,Process Industries,Chemicals: Specialty,False,False,False,False,False,False,False,False,False,False,
949,Kolte-Patil Developers Limited,KOLTEPATIL,Finance,Real Estate Development,False,False,False,False,False,False,False,False,False,False,
950,TVS Srichakra Limited,TVSSRICHAK,Consumer Durables,Automotive Aftermarket,False,False,False,False,False,False,False,False,False,False,
951,Carraro India Ltd.,CARRARO,Producer Manufacturing,Auto Parts: OEM,False,False,False,False,False,False,False,False,False,False,
952,Globus Spirits Limited,GLOBUSSPR,Consumer Non-Durables,Beverages: Alcoholic,False,False,False,False,False,False,False,False,False,False,
953,Ganesha Ecosphere Limited,GANECOS,Process Industries,Textiles,False,False,False,False,False,False,False,False,False,False,
954,NOCIL Limited,NOCIL,Process Industries,Chemicals: Specialty,False,False,False,False,False,False,False,False,False,False,
955,Maithan Alloys Ltd.,MAITHANALL,Non-Energy Minerals,Other Metals/Minerals,False,False,False,False,False,False,False,False,False,False,
956,EFC (I) Ltd.,EFCIL,Distribution Services,Wholesale Distributors,False,False,False,False,False,False,False,False,False,False,
957,Orchid Pharma Limited,ORCHPHARMA,Health Technology,Pharmaceuticals: Major,False,False,False,False,False,False,False,False,False,False,
958,Bharat Bijlee Limited,BBL,Producer Manufacturing,Electrical Products,False,False,False,False,False,False,False,False,False,False,
959,Shivalik Bimetal Controls Ltd,SBCL,Non-Energy Minerals,Other Metals/Minerals,False,False,False,False,False,False,False,False,False,False,
960,Arvind SmartSpaces Ltd.,ARVSMART,Finance,Real Estate Development,False,False,False,False,False,False,False,False,False,False,
961,Medi Assist Healthcare Services Limited,MEDIASSIST,Finance,Investment Managers,False,False,False,False,False,False,False,False,False,False,
962,Shankara Buildpro Limited,BUILDPRO,Distribution Services,Wholesale Distributors,False,False,False,False,False,False,False,False,False,False,
963,PSP Projects Ltd,PSPPROJECT,Industrial Services,Engineering & Construction,False,False,False,False,False,False,False,False,False,False,
964,Jubilant Agri and Consumer Products Limited,JUBLCPL,Process Industries,Chemicals: Agricultural,False,False,False,False,False,False,False,False,False,False,
965,Bliss GVS Pharma Limited,BLISSGVS,Health Technology,Pharmaceuticals: Major,False,False,False,False,False,False,False,False,False,False,
966,Polyplex Corporation Limited,POLYPLEX,Process Industries,Chemicals: Specialty,False,False,False,False,False,False,False,False,False,False,
967,Standard Engineering Technology Ltd,SETL,Health Technology,Medical Specialties,False,False,False,False,False,False,False,False,False,False,
968,Fineotex Chemical Limited,FCL,Process Industries,Industrial Specialties,False,False,False,False,False,False,False,False,False,False,
969,Prince Pipes And Fittings Ltd,PRINCEPIPE,Producer Manufacturing,Industrial Machinery,False,False,False,False,False,False,False,False,False,False,
970,UFlex Limited,UFLEX,Process Industries,Containers/Packaging,False,False,False,False,False,False,False,False,False,False,
971,Fischer Medical Ventures Ltd,FISCHER,Process Industries,Chemicals: Specialty,False,False,False,False,False,False,False,False,False,False,
972,Marine Electricals (India) Limited,MARINE,Distribution Services,Wholesale Distributors,False,False,False,False,False,False,False,False,False,False,
973,Universal Cables Limited,UNIVCABLES,Electronic Technology,Electronic Components,False,False,False,False,False,False,False,False,False,False,
974,Imagicaaworld Entertainment Ltd.,IMAGICAA,Consumer Services,Movies/Entertainment,False,False,False,False,False,False,False,False,False,False,
975,Steelcast Ltd.,STEELCAS,Non-Energy Minerals,Steel,False,False,False,False,False,False,False,False,False,False,
976,Greenply Industries Ltd,GREENPLY,Producer Manufacturing,Building Products,False,False,False,False,False,False,False,False,False,False,
977,Jash Engineering Ltd.,JASH,Producer Manufacturing,Industrial Machinery,False,False,False,False,False,False,False,False,False,False,
978,Automotive Axles Limited,AUTOAXLES,Producer Manufacturing,Auto Parts: OEM,False,False,False,False,False,False,False,False,False,False,
979,Network People Services Technologies Limited,NPST,Technology Services,Packaged Software,False,False,False,False,False,False,False,False,False,False,
980,Dishman Carbogen Amcis Ltd.,DCAL,Health Technology,Pharmaceuticals: Major,False,False,False,False,False,False,False,False,False,False,
981,Fusion Finance Ltd,FUSION,Finance,Finance/Rental/Leasing,False,False,False,False,False,False,False,False,False,False,
982,SG Finserve Limited,SGFIN,Finance,Investment Banks/Brokers,False,False,False,False,False,False,False,False,False,False,
983,Sanghvi Movers Limited,SANGHVIMOV,Finance,Finance/Rental/Leasing,False,False,False,False,False,False,False,False,False,False,
984,Parag Milk Foods Ltd.,PARAGMILK,Consumer Non-Durables,Food: Meat/Fish/Dairy,False,False,False,False,False,False,False,False,False,False,
985,63 Moons Technologies Ltd.,63MOONS,Technology Services,Packaged Software,False,False,False,False,False,False,False,False,False,False,
986,Patel Engineering Limited,PATELENG,Industrial Services,Engineering & Construction,False,False,False,False,False,False,False,False,False,False,
987,Indiabulls Limited,IBULLSLTD,Finance,Real Estate Development,False,False,False,False,False,False,False,False,False,False,
988,Rossari Biotech Ltd,ROSSARI,Process Industries,Chemicals: Specialty,False,False,False,False,False,False,False,False,False,False,
989,Aye Finance Limited,AYE,Finance,Finance/Rental/Leasing,False,False,False,False,False,False,False,False,False,False,
990,Dredging Corporation of India Limited,DREDGECORP,Transportation,Marine Shipping,False,False,False,False,False,False,False,False,False,False,
991,D. P. Abhushan Ltd.,DPABHUSHAN,Retail Trade,Specialty Stores,False,False,False,False,False,False,False,False,False,False,
992,Rashi Peripherals Limited,RPTECH,Distribution Services,Electronics Distributors,False,False,False,False,False,False,False,False,False,False,
993,Apeejay Surrendra Park Hotels Ltd.,PARKHOTELS,Consumer Services,Hotels/Resorts/Cruise lines,False,False,False,False,False,False,False,False,False,False,
994,Mayur Uniquoters Limited,MAYURUNIQ,Process Industries,Textiles,False,False,False,False,False,False,False,False,False,False,
995,Federal-Mogul Goetze (India) Limited,FMGOETZE,Producer Manufacturing,Industrial Machinery,False,False,False,False,False,False,False,False,False,False,
996,NRB Bearings Ltd.,NRBBEARING,Producer Manufacturing,Auto Parts: OEM,False,False,False,False,False,False,False,False,False,False,
997,Raymond Limited,RAYMOND,Process Industries,Textiles,False,False,False,False,False,False,False,False,False,False,
998,Hind Rectifiers Limited,HIRECT,Producer Manufacturing,Electrical Products,False,False,False,False,False,False,False,False,False,False,
999,Siyaram Silk Mills Limited,SIYSIL,Process Industries,Textiles,False,False,False,False,False,False,False,False,False,False,
1000,Repco Home Finance Ltd.,REPCOHOME,Finance,Finance/Rental/Leasing,False,False,False,False,False,False,False,False,False,False,
1001,XPRO India Limited,XPROINDIA,Process Industries,Industrial Specialties,False,False,False,False,False,False,False,False,False,False,
1002,Cyient DLM Limited,CYIENTDLM,Electronic Technology,Electronic Production Equipment,False,False,False,False,False,False,False,False,False,False,
1003,Greenpanel Industries Ltd,GREENPANEL,Non-Energy Minerals,Forest Products,False,False,False,False,False,False,False,False,False,False,
1004,Ravindra Energy Ltd.,RELTD,Utilities,Alternative Power Generation,False,False,False,False,False,False,False,False,False,False,
1005,Wheels India Limited,WHEELS,Producer Manufacturing,Auto Parts: OEM,False,False,False,False,False,False,False,False,False,False,
1006,Jindal Worldwide Limited,JINDWORLD,Process Industries,Textiles,False,False,False,False,False,False,False,False,False,False,
1007,Brigade Hotel Ventures Limited,BRIGHOTEL,Consumer Services,Hotels/Resorts/Cruise lines,False,False,False,False,False,False,False,False,False,False,
1008,Marsons Limited,MARSONS,Producer Manufacturing,Electrical Products,False,False,False,False,False,False,False,False,False,False,
1009,Premier Explosives Limited,PREMEXPLN,Process Industries,Chemicals: Specialty,False,False,False,False,False,False,False,False,False,False,
1010,Sagar Cements Ltd,SAGCEM,Non-Energy Minerals,Construction Materials,False,False,False,False,False,False,False,False,False,False,
1011,Veedol Corp. Ltd,VEEDOL,Energy Minerals,Oil Refining/Marketing,False,False,False,False,False,False,False,False,False,False,
1012,Bharat Rasayan Limited,BHARATRAS,Process Industries,Chemicals: Agricultural,False,False,False,False,False,False,False,False,False,False,
1013,Kiri Industries Limited,KIRIINDUS,Process Industries,Chemicals: Specialty,False,False,False,False,False,False,False,False,False,False,
1014,Mangalam Cement Ltd,MANGLMCEM,Non-Energy Minerals,Construction Materials,False,False,False,False,False,False,False,False,False,False,
1015,Sundrop Brands Limited Shs Dematerialised,SUNDROP,Process Industries,Agricultural Commodities/Milling,False,False,False,False,False,False,False,False,False,False,
1016,Monarch Networth Capital Limited,MONARCH,Finance,Investment Banks/Brokers,False,False,False,False,False,False,False,False,False,False,
1017,Carysil Limited,CARYSIL,Consumer Durables,Home Furnishings,False,False,False,False,False,False,False,False,False,False,
1018,IOL Chemicals & Pharmaceuticals Ltd.,IOLCP,Process Industries,Chemicals: Specialty,False,False,False,False,False,False,False,False,False,False,
1019,Prakash Industries Limited,PRAKASH,Non-Energy Minerals,Steel,False,False,False,False,False,False,False,False,False,False,
1020,Sirca Paints India Ltd.,SIRCA,Process Industries,Industrial Specialties,False,False,False,False,False,False,False,False,False,False,
1021,G.M. Breweries Ltd.,GMBREW,Consumer Non-Durables,Beverages: Alcoholic,False,False,False,False,False,False,False,False,False,False,
1022,Euro Pratik Sales Limited,EUROPRATIK,Producer Manufacturing,Office Equipment/Supplies,False,False,False,False,False,False,False,False,False,False,
1023,Prataap Snacks Ltd.,DIAMONDYD,Consumer Non-Durables,Food: Specialty/Candy,False,False,False,False,False,False,False,False,False,False,
1024,Ajmera Realty & Infra India Ltd,AJMERA,Finance,Real Estate Development,False,False,False,False,False,False,False,False,False,False,
1025,Antelopus Selan Energy Ltd,ANTELOPUS,Energy Minerals,Integrated Oil,False,False,False,False,False,False,False,False,False,False,
1026,Venus Pipes & Tubes Ltd.,VENUSPIPES,Non-Energy Minerals,Steel,False,False,False,False,False,False,False,False,False,False,
1027,Unichem Laboratories Limited,UNICHEMLAB,Health Technology,Pharmaceuticals: Major,False,False,False,False,False,False,False,False,False,False,
1028,Ramco Industries Limited,RAMCOIND,Non-Energy Minerals,Construction Materials,False,False,False,False,False,False,False,False,False,False,
1029,Solara Active Pharma Sciences Ltd.,SOLARA,Health Technology,Pharmaceuticals: Major,False,False,False,False,False,False,False,False,False,False,
1030,Savita Oil Technologies Limited,SOTL,Process Industries,Chemicals: Specialty,False,False,False,False,False,False,False,False,False,False,
1031,Jain Irrigation Systems Limited,JISLJALEQS,Producer Manufacturing,Trucks/Construction/Farm Machinery,False,False,False,False,False,False,False,False,False,False,
1032,Jain Irrigation Systems Limited,JISLDVREQS,Producer Manufacturing,Trucks/Construction/Farm Machinery,False,False,False,False,False,False,False,False,False,False,
1033,Uniparts India Ltd.,UNIPARTS,Producer Manufacturing,Auto Parts: OEM,False,False,False,False,False,False,False,False,False,False,
1034,Epack Durable Limited,EPACK,Producer Manufacturing,Industrial Machinery,False,False,False,False,False,False,False,False,False,False,
1035,Alpex Solar Ltd.,ALPEXSOLAR,Electronic Technology,Semiconductors,False,False,False,False,False,False,False,False,False,False,ALPEXSOLAR-SM
1036,JTL Industries Limited,JTLIND,Non-Energy Minerals,Steel,False,False,False,False,False,False,False,False,False,False,
1037,Ddev Plastiks Industries Limited,DDEVPLSTIK,Process Industries,Chemicals: Major Diversified,False,False,False,False,False,False,False,False,False,False,
1038,TCPL Packaging Limited,TCPLPACK,Commercial Services,Commercial Printing/Forms,False,False,False,False,False,False,False,False,False,False,
1039,Nucleus Software Exports Limited,NUCLEUS,Technology Services,Information Technology Services,False,False,False,False,False,False,False,False,False,False,
1040,Sangam (India) Limited,SANGAMIND,Process Industries,Textiles,False,False,False,False,False,False,False,False,False,False,
1041,Vardhman Special Steels Limited,VSSL,Non-Energy Minerals,Steel,False,False,False,False,False,False,False,False,False,False,
1042,Utkarsh Small Finance Bank Limited,UTKARSHBNK,Finance,Regional Banks,False,False,False,False,False,False,False,False,False,False,
1043,Thirumalai Chemicals Limited,TIRUMALCHM,Process Industries,Chemicals: Specialty,False,False,False,False,False,False,False,False,False,False,
1044,DEE Development Engineers Limited,DEEDEV,Producer Manufacturing,Industrial Machinery,False,False,False,False,False,False,False,False,False,False,
1045,Orissa Minerals Development Company Limited,ORISSAMINE,Non-Energy Minerals,Steel,False,False,False,False,False,False,False,False,False,False,
1046,Bhansali Engineering Polymers Ltd.,BEPL,Process Industries,Industrial Specialties,False,False,False,False,False,False,False,False,False,False,
1047,Bombay Dyeing & Manufacturing Co. Ltd.,BOMDYEING,Process Industries,Textiles,False,False,False,False,False,False,False,False,False,False,
1048,Morepen Laboratories Limited,MOREPENLAB,Health Technology,Pharmaceuticals: Major,False,False,False,False,False,False,False,False,False,False,
1049,Bajaj Hindusthan Sugar Limited,BAJAJHIND,Process Industries,Agricultural Commodities/Milling,False,False,False,False,False,False,False,False,False,False,
1050,Alembic Limited,ALEMBICLTD,Health Technology,Pharmaceuticals: Major,False,False,False,False,False,False,False,False,False,False,
1051,Nitin Spinners Limited,NITINSPIN,Process Industries,Textiles,False,False,False,False,False,False,False,False,False,False,
1052,Insolation Energy Ltd.,INA,Electronic Technology,Semiconductors,False,False,False,False,False,False,False,False,False,False,
1053,Baazar Style Retail Limited,STYLEBAAZA,Retail Trade,Apparel/Footwear Retail,False,False,False,False,False,False,False,False,False,False,
1054,Awfis Space Solutions Limited,AWFIS,Finance,Real Estate Development,False,False,False,False,False,False,True,False,True,False,
1055,Pennar Industries Limited,PENIND,Non-Energy Minerals,Steel,False,False,False,False,False,False,False,False,False,False,
1056,Windsor Machines Limited,WINDMACHIN,Producer Manufacturing,Industrial Machinery,False,False,False,False,False,False,False,False,False,False,
1057,Hikal Limited,HIKAL,Health Technology,Pharmaceuticals: Major,False,False,False,False,False,False,False,False,False,False,
1058,GK Energy Limited,GKENERGY,Industrial Services,Engineering & Construction,False,False,False,False,False,False,False,False,False,False,
1059,TAJGVK Hotels & Resorts Ltd.,TAJGVK,Consumer Services,Hotels/Resorts/Cruise lines,False,False,False,False,False,False,False,False,False,False,
1060,Honda India Power Products Limited,HONDAPOWER,Producer Manufacturing,Electrical Products,False,False,False,False,False,False,False,False,False,False,
1061,Gujarat Industries Power Co. Ltd.,GIPCL,Utilities,Electric Utilities,False,False,False,False,False,False,False,False,False,False,
1062,Protean eGov Technologies Limited,PROTEAN,Technology Services,Information Technology Services,False,False,False,False,False,False,False,False,False,False,
1063,Arkade Developers Limited,ARKADE,Consumer Durables,Homebuilding,False,False,False,False,False,False,False,False,False,False,
1064,Eveready Industries India Ltd,EVEREADY,Producer Manufacturing,Electrical Products,False,False,False,False,False,False,False,False,False,False,
1065,MM Forgings Limited,MMFL,Producer Manufacturing,Metal Fabrication,False,False,False,False,False,False,False,False,False,False,
1066,Camlin Fine Sciences Limited,CAMLINFINE,Process Industries,Chemicals: Specialty,False,False,False,False,False,False,False,False,False,False,
1067,HLE Glascoat Ltd,HLEGLAS,Producer Manufacturing,Industrial Machinery,False,False,False,False,False,False,False,False,False,False,
1068,BGR Energy Systems Limited,BGRENERGY,Industrial Services,Engineering & Construction,False,False,False,False,False,False,False,False,False,False,BGRENERGY-BE
1069,HPL Electric & Power Limited,HPL,Electronic Technology,Electronic Equipment/Instruments,False,False,False,False,False,False,False,False,False,False,
1070,Venky's (India) Limited,VENKEYS,Process Industries,Agricultural Commodities/Milling,False,False,False,False,False,False,False,False,False,False,
1071,Divgi TorqTransfer Systems Ltd.,DIVGIITTS,Producer Manufacturing,Auto Parts: OEM,False,False,False,False,False,False,False,False,False,False,
1072,Spectrum Electrical Industries Limited,SPECTRUM,Electronic Technology,Electronic Equipment/Instruments,False,False,False,False,False,False,False,False,False,False,
1073,Vintage Coffee and Beverages Limited,VINCOFE,Distribution Services,Wholesale Distributors,False,False,False,False,False,False,False,False,False,False,
1074,Jaykay Enterprises Limited,JAYKAY,Commercial Services,Miscellaneous Commercial Services,False,False,False,False,False,False,False,False,False,False,
1075,ADF Foods Limited,ADFFOODS,Consumer Non-Durables,Food: Specialty/Candy,False,False,False,False,False,False,False,False,False,False,
1076,K.P. Energy Ltd.,KPEL,Utilities,Alternative Power Generation,False,False,False,False,False,False,False,False,False,False,
1077,Panacea Biotec Limited,PANACEABIO,Health Technology,Pharmaceuticals: Major,False,False,False,False,False,False,False,False,False,False,
1078,TCI Express Ltd.,TCIEXP,Transportation,Air Freight/Couriers,False,False,False,False,False,False,False,False,False,False,
1079,Rhetan TMT Ltd.,RHETAN,Non-Energy Minerals,Steel,False,False,False,False,False,False,False,False,False,False,
1080,KCP Ltd.,KCP,Producer Manufacturing,Industrial Conglomerates,False,False,False,False,False,False,False,False,False,False,
1081,Advait Energy Transitions Ltd,ADVAIT,Producer Manufacturing,Electrical Products,False,False,False,False,False,False,False,False,False,False,
1082,TeamLease Services Limited,TEAMLEASE,Commercial Services,Personnel Services,False,False,False,False,False,False,False,False,False,False,
1083,PIX Transmissions Ltd,PIXTRANS,Producer Manufacturing,Miscellaneous Manufacturing,False,False,False,False,False,False,False,False,False,False,
1084,Rajratan Global Wire Limited,RAJRATAN,Producer Manufacturing,Metal Fabrication,False,False,False,False,False,False,False,False,False,False,
1085,Nitco Limited,NITCO,Producer Manufacturing,Building Products,False,False,False,False,False,False,False,False,False,False,
1086,Vimta Labs Limited,VIMTALABS,Commercial Services,Miscellaneous Commercial Services,False,False,False,False,False,False,False,False,False,False,
1087,Kalyani Investment Co. Ltd.,KICL,Finance,Financial Conglomerates,False,False,False,False,False,False,False,False,False,False,
1088,Apcotex Industries Ltd,APCOTEXIND,Process Industries,Chemicals: Specialty,False,False,False,False,False,False,False,False,False,False,
1089,MSP Steel & Power Limited,MSPL,Non-Energy Minerals,Steel,False,False,False,False,False,False,False,False,False,False,
1090,Rane (Madras) Limited,RML,Producer Manufacturing,Auto Parts: OEM,False,False,False,False,False,False,False,False,False,False,
1091,Shipping Corporation of India Land and Assets Limited,SCILAL,Miscellaneous,Miscellaneous,False,False,False,False,False,False,False,False,False,False,
1092,Filatex India Ltd,FILATEX,Process Industries,Textiles,False,False,False,False,False,False,False,False,False,False,
1093,Apollo Pipes Ltd.,APOLLOPIPE,Producer Manufacturing,Miscellaneous Manufacturing,False,False,False,False,False,False,False,False,False,False,
1094,EIH Associated Hotels Limited,EIHAHOTELS,Consumer Services,Hotels/Resorts/Cruise lines,False,False,False,False,False,False,False,False,False,False,
1095,Krsnaa Diagnostics Limited,KRSNAA,Health Services,Medical/Nursing Services,False,False,False,False,False,False,False,False,False,False,
1096,S.P. Apparels Ltd.,SPAL,Consumer Non-Durables,Apparel/Footwear,False,False,False,False,False,False,False,False,False,False,
1097,DCX Systems Limited,DCXINDIA,Producer Manufacturing,Electrical Products,False,False,False,False,False,False,False,False,False,False,
1098,Capacit'e Infraprojects Ltd.,CAPACITE,Industrial Services,Engineering & Construction,False,False,False,False,False,False,False,False,False,False,
1099,Cantabil Retail India Limited,CANTABIL,Consumer Non-Durables,Apparel/Footwear,False,False,False,False,False,False,False,False,False,False,
1100,La Opala RG Ltd.,LAOPALA,Consumer Durables,Home Furnishings,False,False,False,False,False,False,False,False,False,False,
1101,Nilkamal Limited,NILKAMAL,Consumer Durables,Home Furnishings,False,False,False,False,False,False,False,False,False,False,
1102,Ceinsys Tech Ltd,CEINSYS,Industrial Services,Engineering & Construction,False,False,False,False,False,False,False,False,False,False,
1103,Brightcom Group Limited,BCG,Technology Services,Packaged Software,False,False,False,False,False,False,False,False,False,False,BCG-BE
1104,Kernex Microsystems India Ltd.,KERNEX,Electronic Technology,Computer Communications,False,False,False,False,False,False,False,False,False,False,
1105,Ujaas Energy Limited,UEL,Utilities,Alternative Power Generation,False,False,False,False,False,False,False,False,False,False,
1106,Spandana Sphoorty Financial Limited TEMP,SSFLPP.E1,Finance,Finance/Rental/Leasing,False,False,False,False,False,False,False,False,False,False,
1107,Spandana Sphoorty Financial Limited,SPANDANA,Finance,Finance/Rental/Leasing,False,False,False,False,False,False,False,False,False,False,
1108,Mukand Limited,MUKANDLTD,Non-Energy Minerals,Steel,False,False,False,False,False,False,False,False,False,False,
1109,Insecticides (India) Limited,INSECTICID,Process Industries,Chemicals: Agricultural,False,False,False,False,False,False,False,False,False,False,
1110,Hathway Cable & Datacom Ltd.,HATHWAY,Consumer Services,Cable/Satellite TV,False,False,False,False,False,False,False,False,False,False,
1111,Shringar House Of Mangalsutra Limited,SHRINGARMS,Consumer Durables,Other Consumer Specialties,False,False,False,False,False,False,False,False,False,False,
1112,Sasken Technologies Ltd,SASKEN,Technology Services,Information Technology Services,False,False,False,False,False,False,False,False,False,False,
1113,Bajel Projects Limited,BAJEL,Industrial Services,Engineering & Construction,False,False,False,False,False,False,False,False,False,False,
1114,S H Kelkar and Company Ltd,SHK,Process Industries,Chemicals: Specialty,False,False,False,False,False,False,False,False,False,False,
1115,Mold Tek Packaging Ltd,MOLDTKPAC,Producer Manufacturing,Miscellaneous Manufacturing,False,False,False,False,False,False,False,False,False,False,
1116,Jai Corp Limited,JAICORPLTD,Process Industries,Containers/Packaging,False,False,False,False,False,False,False,False,False,False,
1117,Saksoft Limited,SAKSOFT,Technology Services,Information Technology Services,False,False,False,False,False,False,False,False,False,False,
1118,Indoco Remedies Limited,INDOCO,Health Technology,Pharmaceuticals: Major,False,False,False,False,False,False,False,False,False,False,
1119,PTC India Financial Services Limited,PFS,Finance,Finance/Rental/Leasing,False,False,False,False,False,False,False,False,False,False,
1120,Tasty Bite Eatables Ltd,TASTYBITE,Consumer Non-Durables,Food: Specialty/Candy,False,False,False,False,False,False,False,False,False,False,
1121,Ideaforge Technology Limited,IDEAFORGE,Electronic Technology,Aerospace & Defense,False,False,False,False,False,False,False,False,False,False,
1122,Mufin Green Finance Limited,MUFIN,Finance,Finance/Rental/Leasing,False,False,False,False,False,False,False,False,False,False,
1123,Aimtron Electronics Limited,AIMTRON,Electronic Technology,Electronic Components,False,False,False,False,False,False,False,False,False,False,AIMTRON-SM
1124,Indian Hume Pipe Co. Ltd.,INDIANHUME,Producer Manufacturing,Building Products,False,False,False,False,False,False,False,False,False,False,
1125,Summit Securities Limited,SUMMITSEC,Miscellaneous,Investment Trusts/Mutual Funds,False,False,False,False,False,False,False,False,False,False,
1126,Stove Kraft Ltd.,STOVEKRAFT,Consumer Durables,Electronics/Appliances,False,False,False,False,False,False,False,False,False,False,
1127,Hinduja Global Solutions Limited,HGS,Commercial Services,Miscellaneous Commercial Services,False,False,False,False,False,False,False,False,False,False,
1128,Studds Accessories Limited,STUDDS,Consumer Durables,Recreational Products,False,False,False,False,False,False,False,False,False,False,
1129,Confidence Petroleum India Limited,CONFIPET,Retail Trade,Specialty Stores,False,False,False,False,False,False,False,False,False,False,
1130,Sportking India Ltd.,SPORTKING,Process Industries,Textiles,False,False,False,False,False,False,False,False,False,False,
1131,GSP Crop Science Limited,GSPCROP,Process Industries,Chemicals: Agricultural,False,False,False,False,False,False,False,False,False,False,
1132,Yasho Industries Ltd.,YASHO,Consumer Non-Durables,Food: Specialty/Candy,False,False,False,False,False,False,False,False,False,False,
1133,"Hindustan Oil Exploration Co., Ltd.",HINDOILEXP,Energy Minerals,Integrated Oil,False,False,False,False,False,False,False,False,False,False,
1134,Mahanagar Telephone Nigam Limited,MTNL,Communications,Major Telecommunications,False,False,False,False,False,False,False,False,False,False,
1135,M & B Engineering Limited,MBEL,Producer Manufacturing,Building Products,False,False,False,False,False,False,False,False,False,False,
1136,GNA Axles Ltd,GNA,Producer Manufacturing,Auto Parts: OEM,False,False,False,False,False,False,False,False,False,False,
1137,Epack Prefab Technologies Limited,EPACKPEB,Industrial Services,Engineering & Construction,False,False,False,False,False,False,False,False,False,False,
1138,TCC Concept Ltd,TCC,Distribution Services,Wholesale Distributors,False,False,False,False,False,False,False,False,False,False,
1139,Landmark Cars Ltd.,LANDMARK,Retail Trade,Specialty Stores,False,False,False,False,False,False,False,False,False,False,
1140,V-Marc India Limited,VMARCIND,Producer Manufacturing,Electrical Products,False,False,False,False,False,False,False,False,False,False,VMARCIND-SM
1141,Geojit Financial Services Ltd,GEOJITFSL,Finance,Investment Banks/Brokers,False,False,False,False,False,False,False,False,False,False,
1142,Hindware Home Innovation Limited,HINDWAREAP,Producer Manufacturing,Building Products,False,False,False,False,False,False,False,False,False,False,
1143,Oriental Hotels Limited,ORIENTHOT,Consumer Services,Hotels/Resorts/Cruise lines,False,False,False,False,False,False,False,False,False,False,
1144,Servotech Renewable Power System Ltd,SERVOTECH,Producer Manufacturing,Electrical Products,False,False,False,False,False,False,False,False,False,False,
1145,Vikran Engineering Limited,VIKRAN,Industrial Services,Engineering & Construction,False,False,False,False,False,False,False,False,False,False,
1146,India Nippon Electricals Limited,INDNIPPON,Producer Manufacturing,Auto Parts: OEM,False,False,False,False,False,False,False,False,False,False,
1147,Indosolar Limited,WAAREEINDO,Electronic Technology,Electronic Equipment/Instruments,False,False,False,False,False,False,False,False,False,False,
1148,Hi-Tech Pipes Ltd.,HITECH,Non-Energy Minerals,Steel,False,False,False,False,False,False,False,False,False,False,
1149,Satin Creditcare Network Ltd,SATIN,Finance,Finance/Rental/Leasing,False,False,False,False,False,False,False,False,False,False,
1150,NDR Auto Components Ltd.,NDRAUTO,Producer Manufacturing,Auto Parts: OEM,False,False,False,False,False,False,False,False,False,False,
1151,Cosmo First Limited,COSMOFIRST,Process Industries,Containers/Packaging,False,False,False,False,False,False,False,False,False,False,
1152,EMS Ltd.,EMSLIMITED,Industrial Services,Engineering & Construction,False,False,False,False,False,False,False,False,False,False,
1153,Thejo Engineering Ltd.,THEJO,Distribution Services,Wholesale Distributors,False,False,False,False,False,False,False,False,False,False,
1154,Arman Financial Services Limited,ARMANFIN,Finance,Finance/Rental/Leasing,False,False,False,False,False,False,False,False,False,False,
1155,Accelya Solutions India Ltd.,ACCELYA,Technology Services,Packaged Software,False,False,False,False,False,False,False,False,False,False,
1156,Somany Ceramics Limited,SOMANYCERA,Producer Manufacturing,Building Products,False,False,False,False,False,False,False,False,False,False,
1157,India Pesticides Ltd.,IPL,Process Industries,Chemicals: Agricultural,False,False,False,False,False,False,False,False,False,False,
1158,Panama Petrochem Limited,PANAMAPET,Process Industries,Industrial Specialties,False,False,False,False,False,False,False,False,False,False,
1159,Rishabh Instruments Limited,RISHABH,Producer Manufacturing,Electrical Products,False,False,False,False,False,False,False,False,False,False,
1160,Windlas Biotech Ltd.,WINDLAS,Health Technology,Pharmaceuticals: Major,False,False,False,False,False,False,False,False,False,False,
1161,BF Utilities Ltd.,BFUTILITIE,Industrial Services,Engineering & Construction,False,False,False,False,False,False,False,False,False,False,BFUTILITIE-BZ
1162,Vidhi Specialty Food Ingredients Ltd,VIDHIING,Consumer Non-Durables,Food: Specialty/Candy,False,False,False,False,False,False,False,False,False,False,
1163,Seshasayee Paper & Boards Ltd.,SESHAPAPER,Process Industries,Pulp & Paper,False,False,False,False,False,False,False,False,False,False,
1164,Shalby Ltd.,SHALBY,Health Services,Hospital/Nursing Management,False,False,False,False,False,False,False,False,False,False,
1165,Yatra Online Limited,YATRA,Consumer Services,Other Consumer Services,False,False,False,False,False,False,False,False,False,False,
1166,Silver Touch Technologies Ltd.,SILVERTUC,Technology Services,Packaged Software,False,False,False,False,False,False,False,False,False,False,
1167,Dolphin Offshore Enterprises India Ltd.,DOLPHIN,Industrial Services,Oilfield Services/Equipment,False,False,False,False,False,False,False,False,False,False,
1168,Godavari Biorefineries Limited,GODAVARIB,Process Industries,Agricultural Commodities/Milling,False,False,False,False,False,False,False,False,False,False,
1169,GTL Infrastructure Ltd,GTLINFRA,Industrial Services,Engineering & Construction,False,False,False,False,False,False,False,False,False,False,
1170,Ramco Systems Limited,RAMCOSYS,Technology Services,Information Technology Services,False,False,False,False,False,False,False,False,False,False,
1171,TIL Ltd.,TIL,Producer Manufacturing,Trucks/Construction/Farm Machinery,False,False,False,False,False,False,False,False,False,False,
1172,Pashupati Cotspin Ltd.,PASHUPATI,Process Industries,Textiles,False,False,False,False,False,False,False,False,False,False,
1173,Delta Corp. Ltd. (India),DELTACORP,Consumer Services,Movies/Entertainment,False,False,False,False,False,False,False,False,False,False,
1174,Stallion India Fluorochemicals Limited,STALLION,Distribution Services,Wholesale Distributors,False,False,False,False,False,False,False,False,False,False,
1175,Talbros Automotive Components Limited,TALBROAUTO,Producer Manufacturing,Industrial Machinery,False,False,False,False,False,False,False,False,False,False,
1176,Rico Auto Industries Limited,RICOAUTO,Producer Manufacturing,Auto Parts: OEM,False,False,False,False,False,False,False,False,False,False,
1177,RACL Geartech Ltd,RACLGEAR,Producer Manufacturing,Auto Parts: OEM,False,False,False,False,False,False,False,False,False,False,
1178,Amrutanjan Health Care Limited,AMRUTANJAN,Health Technology,Pharmaceuticals: Other,False,False,False,False,False,False,False,False,False,False,
1179,Garuda Construction and Engineering Limited,GARUDA,Industrial Services,Engineering & Construction,False,False,False,False,False,False,False,False,False,False,
1180,Solarworld Energy Solutions Limited,SOLARWORLD,Industrial Services,Engineering & Construction,False,False,False,False,False,False,False,False,False,False,
1181,Sumeet Industries Limited,SUMEETINDS,Process Industries,Textiles,False,False,False,False,False,False,False,False,False,False,
1182,Mahamaya Steel Industries Ltd.,MAHASTEEL,Non-Energy Minerals,Steel,False,False,False,False,False,False,False,False,False,False,MAHASTEEL-BE
1183,Associated Alcohols & Breweries Ltd.,ASALCBR,Consumer Non-Durables,Beverages: Alcoholic,False,False,False,False,False,False,False,False,False,False,
1184,Magellanic Cloud Ltd.,MCLOUD,Technology Services,Information Technology Services,False,False,False,False,False,False,False,False,False,False,
1185,Jindal Drilling & Industries Ltd.,JINDRILL,Industrial Services,Contract Drilling,False,False,False,False,False,False,False,False,False,False,
1186,Ador Welding Limited,ADOR,Producer Manufacturing,Miscellaneous Manufacturing,False,False,False,False,False,False,False,False,False,False,
1187,Jnk India Limited,JNKINDIA,Producer Manufacturing,Building Products,False,False,False,False,False,False,False,False,False,False,
1188,Algoquant Fintech Limited,ALGOQUANT,Finance,Investment Banks/Brokers,False,False,False,False,False,False,False,False,False,False,
1189,Som Distilleries & Breweries Ltd.,SDBL,Consumer Non-Durables,Beverages: Alcoholic,False,False,False,False,False,False,False,False,False,False,
1190,SBC Exports Ltd.,SBC,Distribution Services,Wholesale Distributors,False,False,False,False,False,False,False,False,False,False,
1191,BLS E-Services Limited,BLSE,Technology Services,Internet Software/Services,False,False,False,False,False,False,False,False,False,False,
1192,Anondita Medicare Limited,ANONDITA,Producer Manufacturing,Miscellaneous Manufacturing,False,False,False,False,False,False,False,False,False,False,ANONDITA-SM
1193,Go Fashion (India) Limited,GOCOLORS,Consumer Non-Durables,Apparel/Footwear,False,False,False,False,False,False,False,False,False,False,
1194,InfoBeans Technologies Ltd.,INFOBEAN,Technology Services,Packaged Software,False,False,False,False,False,False,False,False,False,False,
1195,D-Link (India) Ltd.,DLINKINDIA,Electronic Technology,Telecommunications Equipment,False,False,False,False,False,False,False,False,False,False,
1196,Sanstar Limited,SANSTAR,Consumer Non-Durables,Food: Major Diversified,False,False,False,False,False,False,False,False,False,False,
1197,Arfin India Ltd,ARFIN,Non-Energy Minerals,Aluminum,False,False,False,False,False,False,False,False,False,False,
1198,Beta Drugs Ltd.,BETA,Health Technology,Pharmaceuticals: Major,False,False,False,False,False,False,False,False,False,False,
1199,Suryoday Small Finance Bank Limited,SURYODAY,Finance,Regional Banks,False,False,False,False,False,False,False,False,False,False,
1200,Sai Silks (Kalamandir) Ltd.,KALAMANDIR,Retail Trade,Apparel/Footwear Retail,False,False,False,False,False,False,False,False,False,False,
1201,Nelco Limited,NELCO,Electronic Technology,Electronic Production Equipment,False,False,False,False,False,False,False,False,False,False,
1202,Simplex Infrastructures Limited,SIMPLEXINF,Industrial Services,Engineering & Construction,False,False,False,False,False,False,False,False,False,False,
1203,Rane Holdings Limited,RANEHOLDIN,Producer Manufacturing,Auto Parts: OEM,False,False,False,False,False,False,False,False,False,False,
1204,NGL Fine-Chem Ltd.,NGLFINE,Health Technology,Pharmaceuticals: Major,False,False,False,False,False,False,False,False,False,False,
1205,Indo Tech Transformers Ltd.,INDOTECH,Producer Manufacturing,Electrical Products,False,False,False,False,False,False,False,False,False,False,
1206,Dynamic Cables Ltd.,DYCL,Producer Manufacturing,Electrical Products,False,False,False,False,False,False,False,False,False,False,
1207,All Time Plastics Limited,ALLTIME,Producer Manufacturing,Miscellaneous Manufacturing,False,False,False,False,False,False,False,False,False,False,
1208,BF Investment Limited,BFINVEST,Finance,Financial Conglomerates,False,False,False,False,False,False,False,False,False,False,
1209,Jagran Prakashan Limited,JAGRAN,Consumer Services,Publishing: Newspapers,False,False,False,False,False,False,False,False,False,False,
1210,GPT Infraprojects Limited,GPTINFRA,Industrial Services,Engineering & Construction,False,False,False,False,False,False,False,False,False,False,
1211,SPML Infra Limited,SPMLINFRA,Industrial Services,Engineering & Construction,False,False,False,False,False,False,False,False,False,False,
1212,Dollar Industries Ltd.,DOLLAR,Consumer Non-Durables,Apparel/Footwear,False,False,False,False,False,False,False,False,False,False,
1213,Asian Granito India Limited,ASIANTILES,Producer Manufacturing,Building Products,False,False,False,False,False,False,False,False,False,False,
1214,One Mobikwik Systems Limited,MOBIKWIK,Commercial Services,Miscellaneous Commercial Services,False,False,False,False,False,False,False,False,False,False,
1215,Jyoti Structures Ltd.,JYOTISTRUC,Utilities,Electric Utilities,False,False,False,False,False,False,False,False,False,False,
1216,Veranda Learning Solutions Ltd.,VERANDA,Commercial Services,Miscellaneous Commercial Services,False,False,False,False,False,False,False,False,False,False,
1217,JG Chemicals Limited,JGCHEM,Process Industries,Chemicals: Specialty,False,False,False,False,False,False,False,False,False,False,
1218,Nibe Ltd.,NIBE,Process Industries,Textiles,False,False,False,False,False,False,False,False,False,False,
1219,Navkar Corporation Ltd,NAVKARCORP,Transportation,Other Transportation,False,False,False,False,False,False,False,False,False,False,
1220,Sula Vineyards Ltd.,SULA,Process Industries,Agricultural Commodities/Milling,False,False,False,False,False,False,False,False,False,False,
1221,Ugro Capital Limited,UGROCAP,Finance,Finance/Rental/Leasing,False,False,False,False,False,False,False,False,False,False,
1222,Krishna Defence and Allied Industries Limited,KRISHNADEF,Electronic Technology,Aerospace & Defense,False,False,False,False,False,False,False,False,False,False,
1223,Omaxe Limited,OMAXE,Finance,Real Estate Development,False,False,False,False,False,False,False,False,False,False,
1224,Suraksha Diagnostic Ltd.,SURAKSHA,Health Services,Medical/Nursing Services,False,False,False,False,False,False,False,False,False,False,
1225,GOCL Corporation Limited,GOCLCORP,Process Industries,Industrial Specialties,False,False,False,False,False,False,False,False,False,False,
1226,Vindhya Telelinks Limited,VINDHYATEL,Industrial Services,Engineering & Construction,False,False,False,False,False,False,False,False,False,False,
1227,Southern Petrochemical Industries Corporation Limited,SPIC,Process Industries,Chemicals: Agricultural,False,False,False,False,False,False,False,False,False,False,
1228,Sical Logistics Limited.,SICALLOG,Transportation,Other Transportation,False,False,False,False,False,False,False,False,False,False,SICALLOG-BE
1229,Exicom Tele-Systems Ltd.,EXICOM,Producer Manufacturing,Electrical Products,False,False,False,False,False,False,False,False,False,False,
1230,Digitide Solutions Ltd,DIGITIDE,Commercial Services,Miscellaneous Commercial Services,False,False,False,False,False,False,False,False,False,False,
1231,Shanti Gold International Limited,SHANTIGOLD,Consumer Durables,Other Consumer Specialties,False,False,False,False,False,False,False,False,False,False,
1232,Huhtamaki India Limited,HUHTAMAKI,Process Industries,Containers/Packaging,False,False,False,False,False,False,False,False,False,False,
1233,WENDT India Limited,WENDT,Producer Manufacturing,Industrial Machinery,False,False,False,False,False,False,False,False,False,False,
1234,Motisons Jewellers Ltd,MOTISONS,Retail Trade,Specialty Stores,False,False,False,False,False,False,False,False,False,False,
1235,SMC Global Securities Ltd. (India),SMCGLOBAL,Finance,Investment Banks/Brokers,False,False,False,False,False,False,False,False,False,False,
1236,Ivalue Infosolutions Limited,IVALUE,Technology Services,Information Technology Services,False,False,False,False,False,False,False,False,False,False,
1237,Chaman Lal Setia Exports Limited,CLSEL,Process Industries,Agricultural Commodities/Milling,False,False,False,False,False,False,False,False,False,False,
1238,Gandhar Oil Refinery (India) Limited,GANDHAR,Process Industries,Industrial Specialties,False,False,False,False,False,False,False,False,False,False,
1239,Aurum Proptech Limited,AURUM,Technology Services,Packaged Software,False,False,False,False,False,False,False,False,False,False,
1240,Dolat Algotech Limited,DOLATALGO,Finance,Investment Banks/Brokers,False,False,False,False,False,False,False,False,False,False,
1241,Centrum Capital Limited,CENTRUM,Finance,Investment Managers,False,False,False,False,False,False,False,False,False,False,
1242,One Point One Solutions Ltd.,ONEPOINT,Commercial Services,Miscellaneous Commercial Services,False,False,False,False,False,False,False,False,False,False,
1243,Venus Remedies Limited,VENUSREM,Health Technology,Pharmaceuticals: Major,False,False,False,False,False,False,False,False,False,False,
1244,Danish Power Ltd.,DANISH,Producer Manufacturing,Electrical Products,False,False,False,False,False,False,False,False,False,False,DANISH-SM
1245,Jagsonpal Pharmaceuticals Ltd.,JAGSNPHARM,Health Technology,Pharmaceuticals: Generic,False,False,False,False,False,False,False,False,False,False,
1246,Unitech Limited,UNITECH,Industrial Services,Engineering & Construction,False,False,False,False,False,False,False,False,False,False,
1247,Shriram Properties Ltd.,SHRIRAMPPS,Finance,Real Estate Development,False,False,False,False,False,False,False,False,False,False,
1248,Dynacons Systems & Solutions Ltd.,DSSL,Technology Services,Information Technology Services,False,False,False,False,False,False,False,False,False,False,
1249,Asian Hotels (North) Limited,ASIANHOTNR,Consumer Services,Hotels/Resorts/Cruise lines,False,False,False,False,False,False,False,False,False,False,
1250,DCW Ltd.,DCW,Process Industries,Chemicals: Specialty,False,False,False,False,False,False,False,False,False,False,
1251,Apex Frozen Foods Ltd.,APEX,Consumer Non-Durables,Food: Meat/Fish/Dairy,False,False,False,False,False,False,False,False,False,False,
1252,Antony Waste Handling Cell Ltd.,AWHCL,Transportation,Trucking,False,False,False,False,False,False,False,False,False,False,
1253,DEN Networks Limited,DEN,Consumer Services,Cable/Satellite TV,False,False,False,False,False,False,False,False,False,False,
1254,PNB Gilts Limited,PNBGILTS,Finance,Investment Banks/Brokers,False,False,False,False,False,False,False,False,False,False,
1255,Signpost India Limited,SIGNPOST,Commercial Services,Advertising/Marketing Services,False,False,False,False,False,False,False,False,False,False,
1256,TTK Healthcare Limited,TTKHLTCARE,Health Technology,Pharmaceuticals: Major,False,False,False,False,False,False,False,False,False,False,
1257,Meghmani Organics Limited,MOL,Process Industries,Chemicals: Specialty,False,False,False,False,False,False,False,False,False,False,
1258,Salasar Techno Engineering Ltd.,SALASAR,Producer Manufacturing,Metal Fabrication,False,False,False,False,False,False,False,False,False,False,
1259,Allcargo Logistics Limited,ALLCARGO,Transportation,Air Freight/Couriers,False,False,False,False,False,False,False,False,False,False,
1260,Texmaco Infrastructure & Holdings Limited,TEXINFRA,Utilities,Electric Utilities,False,False,False,False,False,False,False,False,False,False,
1261,India Motor Parts & Accessories Limited,IMPAL,Distribution Services,Wholesale Distributors,False,False,False,False,False,False,False,False,False,False,
1262,Precision Camshafts Ltd.,PRECAM,Producer Manufacturing,Auto Parts: OEM,False,False,False,False,False,False,False,False,False,False,
1263,Orient Technologies Limited,ORIENTTECH,Technology Services,Information Technology Services,False,False,False,False,False,False,False,False,False,False,
1264,Everest Kanto Cylinder Limited,EKC,Producer Manufacturing,Industrial Machinery,False,False,False,False,False,False,False,False,False,False,
1265,Asian Energy Services Limited,ASIANENE,Energy Minerals,Oil & Gas Production,False,False,False,False,False,False,False,False,False,False,
1266,ESAF Small Finance Bank Limited,ESAFSFB,Finance,Regional Banks,False,False,False,False,False,False,False,False,False,False,
1267,Laxmi Goldorna House Ltd.,LGHL,Consumer Durables,Other Consumer Specialties,False,False,False,False,False,False,False,False,False,False,
1268,Andhra Paper Ltd.,ANDHRAPAP,Process Industries,Pulp & Paper,False,False,False,False,False,False,False,False,False,False,
1269,Alldigi Tech Ltd,ALLDIGI,Commercial Services,Miscellaneous Commercial Services,False,False,False,False,False,False,False,False,False,False,
1270,Syncom Formulation (India) Ltd.,SYNCOMF,Health Technology,Pharmaceuticals: Major,False,False,False,False,False,False,False,False,False,False,
1271,Astec Lifesciences Limited,ASTEC,Process Industries,Chemicals: Agricultural,False,False,False,False,False,False,False,False,False,False,
1272,Ind-Swift Laboratories Ltd.,INDSWFTLAB,Health Technology,Pharmaceuticals: Major,False,False,False,False,False,False,False,False,False,False,
1273,Vinyas Innovative Technologies Limited,VINYAS,Electronic Technology,Electronic Production Equipment,False,False,False,False,False,False,False,False,False,False,VINYAS-SM
1274,TAC Infosec Limited,TAC,Technology Services,Packaged Software,False,False,False,False,False,False,False,False,False,False,TAC-SM
1275,Punjab Chemicals & Crop Protection Ltd.,PUNJABCHEM,Process Industries,Chemicals: Agricultural,False,False,False,False,False,False,False,False,False,False,
1276,Quadrant Future Tek Limited,QUADFUTURE,Producer Manufacturing,Electrical Products,False,False,False,False,False,False,False,False,False,False,
1277,HMA Agro Industries Limited,HMAAGRO,Distribution Services,Food Distributors,False,False,False,False,False,False,False,False,False,False,
1278,Atul Auto Ltd,ATULAUTO,Consumer Durables,Motor Vehicles,False,False,False,False,False,False,False,False,False,False,
1279,Hester Biosciences Limited,HESTERBIO,Health Technology,Pharmaceuticals: Major,False,False,False,False,False,False,False,False,False,False,
1280,Capital Small Finance Bank Limited,CAPITALSFB,Finance,Regional Banks,False,False,False,False,False,False,False,False,False,False,
1281,PNGS Reva Diamond Jewellery Limited,PNGSREVA,Consumer Durables,Other Consumer Specialties,False,False,False,False,False,False,False,False,False,False,
1282,Jindal Poly Investment and Finance Co. Ltd.,JPOLYINVST,Finance,Investment Managers,False,False,False,False,False,False,False,False,False,False,
1283,Tinna Rubber & Infrastructure Limited,TINNARUBR,Process Industries,Industrial Specialties,False,False,False,False,False,False,False,False,False,False,
1284,Solex Energy Ltd.,SOLEX,Producer Manufacturing,Building Products,False,False,False,False,False,False,False,False,False,False,
1285,Ice Make Refrigeration Ltd.,ICEMAKE,Producer Manufacturing,Industrial Machinery,False,False,False,False,False,False,False,False,False,False,
1286,Expleo Solutions Limited,EXPLEOSOL,Technology Services,Information Technology Services,False,False,False,False,False,False,False,False,False,False,
1287,Kross Limited,KROSS,Producer Manufacturing,Auto Parts: OEM,False,False,False,False,False,False,False,False,False,False,
1288,Vidya Wires Limited,VIDYAWIRES,Non-Energy Minerals,Other Metals/Minerals,False,False,False,False,False,False,False,False,False,False,
1289,Sakar Healthcare Ltd,SAKAR,Health Technology,Pharmaceuticals: Major,False,False,False,False,False,False,False,False,False,False,
1290,R M Drip And Sprinklers Systems Limited,RMDRIP,Producer Manufacturing,Industrial Machinery,False,False,False,False,False,False,False,False,False,False,
1291,Bharat Wire Ropes Ltd.,BHARATWIRE,Producer Manufacturing,Metal Fabrication,False,False,False,False,False,False,False,False,False,False,
1292,Raj Rayon Industries Limited,RAJRILTD,Process Industries,Textiles,False,False,False,False,False,False,False,False,False,False,RAJRILTD-BE
1293,Platinum Industries Limited,PLATIND,Process Industries,Chemicals: Major Diversified,False,False,False,False,False,False,False,False,False,False,
1294,IG Petrochemicals Ltd.,IGPL,Process Industries,Chemicals: Specialty,False,False,False,False,False,False,False,False,False,False,
1295,Orient Green Power Company Ltd,GREENPOWER,Utilities,Electric Utilities,False,False,False,False,False,False,False,False,False,False,
1296,Jindal Photo Limited,JINDALPHOT,Finance,Financial Conglomerates,False,False,False,False,False,False,False,False,False,False,
1297,Renaissance Global Limited,RGL,Consumer Durables,Other Consumer Specialties,False,False,False,False,False,False,False,False,False,False,
1298,Excel Industries Limited,EXCELINDUS,Process Industries,Chemicals: Agricultural,False,False,False,False,False,False,False,False,False,False,
1299,Paramount Communications Limited,PARACABLES,Producer Manufacturing,Electrical Products,False,False,False,False,False,False,False,False,False,False,
1300,Manaksia Coated Metals & Industries Ltd,MANAKCOAT,Non-Energy Minerals,Steel,False,False,False,False,False,False,False,False,False,False,
1301,Bombay Super Hybrid Seeds Ltd.,BSHSL,Process Industries,Chemicals: Agricultural,False,False,False,False,False,False,False,False,False,False,
1302,Walchandnagar Industries Limited,WALCHANNAG,Producer Manufacturing,Industrial Machinery,False,False,False,False,False,False,False,False,False,False,
1303,FINO Payments Bank Ltd.,FINOPB,Finance,Regional Banks,False,False,False,False,False,False,False,False,False,False,
1304,MIRC Electronics Limited,MIRCELECTR,Electronic Technology,Telecommunications Equipment,False,False,False,False,False,False,False,False,False,False,
1305,Shree Pushkar Chemicals & Fertilisers Ltd.,SHREEPUSHK,Process Industries,Chemicals: Specialty,False,False,False,False,False,False,False,False,False,False,
1306,Butterfly Gandhimathi Appliances Limited,BUTTERFLY,Consumer Durables,Electronics/Appliances,False,False,False,False,False,False,False,False,False,False,
1307,Balaji Telefilms Limited,BALAJITELE,Consumer Services,Movies/Entertainment,False,False,False,False,False,False,False,False,False,False,
1308,SEPC Limited,SEPC,Industrial Services,Engineering & Construction,False,False,False,False,False,False,False,False,False,False,
1309,Steel Exchange India Limited,STEELXIND,Non-Energy Minerals,Steel,False,False,False,False,False,False,False,False,False,False,
1310,Faze Three Ltd.,FAZE3Q,Process Industries,Textiles,False,False,False,False,False,False,False,False,False,False,FAZE3Q-BE
1311,Monte Carlo Fashions Ltd.,MONTECARLO,Consumer Non-Durables,Apparel/Footwear,False,False,False,False,False,False,False,False,False,False,
1312,AYM Syntex Limited,AYMSYNTEX,Process Industries,Textiles,False,False,False,False,False,False,False,False,False,False,
1313,Le Merite Exports Ltd.,LEMERITE,Process Industries,Textiles,False,False,False,False,False,False,False,False,False,False,
1314,Lincoln Pharmaceuticals Ltd,LINCOLN,Health Technology,Pharmaceuticals: Major,False,False,False,False,False,False,False,False,False,False,
1315,Bharat Seats Limited,BHARATSE,Producer Manufacturing,Auto Parts: OEM,False,False,False,False,False,False,False,False,False,False,
1316,Rajoo Engineers Limited,RAJOOENG,Producer Manufacturing,Industrial Machinery,False,False,False,False,False,False,False,False,False,False,
1317,Himatsingka Seide Limited.,HIMATSEIDE,Process Industries,Textiles,False,False,False,False,False,False,False,False,False,False,
1318,IFGL Refractories Ltd.,IFGLEXPOR,Producer Manufacturing,Industrial Machinery,False,False,False,False,False,False,False,False,False,False,
1319,GPT Healthcare Limited,GPTHEALTH,Health Services,Hospital/Nursing Management,False,False,False,False,False,False,False,False,False,False,
1320,Nelcast Limited,NELCAST,Non-Energy Minerals,Steel,False,False,False,False,False,False,False,False,False,False,
1321,Paushak Limited,PAUSHAKLTD,Process Industries,Chemicals: Major Diversified,False,False,False,False,False,False,False,False,False,False,
1322,Aqylon Nexus Limited,AQYLON,Consumer Services,Movies/Entertainment,False,False,False,False,False,False,False,False,False,False,
1323,B.L. Kashyap & Sons Ltd.,BLKASHYAP,Industrial Services,Engineering & Construction,False,False,False,False,False,False,False,False,False,False,
1324,Birlanu Limited,BIRLANU,Non-Energy Minerals,Forest Products,False,False,False,False,False,False,False,False,False,False,
1325,Safe Enterprises Retail Fixtures Ltd.,SAFEENTP,Producer Manufacturing,Office Equipment/Supplies,False,False,False,False,False,False,False,False,False,False,SAFEENTP-SM
1326,IZMO Limited,IZMO,Technology Services,Packaged Software,False,False,False,False,False,False,False,False,False,False,IZMO-BE
1327,Gulshan Polyols Limited,GULPOLY,Consumer Non-Durables,Food: Specialty/Candy,False,False,False,False,False,False,False,False,False,False,
1328,TSF INVESTMENTS LIMITED,TSFINV,Finance,Financial Conglomerates,False,False,False,False,False,False,True,False,True,False,
1329,Reliance Industrial Infrastructure Limited,RIIL,Industrial Services,Oil & Gas Pipelines,False,False,False,False,False,False,False,False,False,False,
1330,Hi-Tech Gears Limited,HITECHGEAR,Producer Manufacturing,Auto Parts: OEM,False,False,False,False,False,False,False,False,False,False,HITECHGEAR-BE
1331,Rupa & Co. Ltd.,RUPA,Consumer Non-Durables,Apparel/Footwear,False,False,False,False,False,False,False,False,False,False,
1332,Madras Fertilizers Ltd,MADRASFERT,Process Industries,Chemicals: Agricultural,False,False,False,False,False,False,False,False,False,False,
1333,GRP Ltd,GRPLTD,Producer Manufacturing,Miscellaneous Manufacturing,False,False,False,False,False,False,False,False,False,False,
1334,Vardhman Holdings Limited,VHL,Finance,Investment Managers,False,False,False,False,False,False,False,False,False,False,
1335,Diffusion Engineers Limited,DIFFNKG,Producer Manufacturing,Industrial Machinery,False,False,False,False,False,False,False,False,False,False,
1336,Roto Pumps Limited,ROTO,Producer Manufacturing,Industrial Machinery,False,False,False,False,False,False,False,False,False,False,
1337,Laxmi Dental Ltd.,LAXMIDENTL,Health Services,Medical/Nursing Services,False,False,False,False,False,False,False,False,False,False,
1338,Unicommerce eSolutions Limited,UNIECOM,Technology Services,Packaged Software,False,False,False,False,False,False,False,False,False,False,
1339,Wonder Electricals Limited,WEL,Electronic Technology,Electronic Equipment/Instruments,False,False,False,False,False,False,False,False,False,False,
1340,Oricon Enterprises Limited,ORICONENT,Producer Manufacturing,Miscellaneous Manufacturing,False,False,False,False,False,False,False,False,False,False,
1341,Updater Services Limited,UDS,Commercial Services,Miscellaneous Commercial Services,False,False,False,False,False,False,False,False,False,False,
1342,Rajputana Stainless Limited,RSL,Non-Energy Minerals,Steel,False,False,False,False,False,False,False,False,False,False,
1343,Tarsons Products Limited,TARSONS,Process Industries,Containers/Packaging,False,False,False,False,False,False,False,False,False,False,
1344,Alicon Castalloy Limited,ALICON,Producer Manufacturing,Auto Parts: OEM,False,False,False,False,False,False,False,False,False,False,
1345,Bajaj Healthcare Ltd,BAJAJHCARE,Health Technology,Pharmaceuticals: Major,False,False,False,False,False,False,False,False,False,False,
1346,Control Print Limited,CONTROLPR,Electronic Technology,Computer Peripherals,False,False,False,False,False,False,False,False,False,False,
1347,Abans Financial Services Ltd,AFSL,Finance,Investment Managers,False,False,False,False,False,False,False,False,False,False,
1348,A B Infrabuild Ltd,ABINFRA,Industrial Services,Engineering & Construction,False,False,False,False,False,False,False,False,False,False,
1349,Borosil Scientific Limited,BOROSCI,Process Industries,Containers/Packaging,False,False,False,False,False,False,False,False,False,False,
1350,Kody Technolab Limited,KODYTECH,Technology Services,Packaged Software,False,False,False,False,False,False,False,False,False,False,KODYTECH-ST
1351,Shree Digvijay Cement Co. Ltd.,SHREDIGCEM,Non-Energy Minerals,Construction Materials,False,False,False,False,False,False,False,False,False,False,
1352,Vilas Transcore Limited,VILAS,Electronic Technology,Electronic Components,False,False,False,False,False,False,False,False,False,False,VILAS-SM
1353,Salzer Electronics Limited,SALZERELEC,Producer Manufacturing,Electrical Products,False,False,False,False,False,False,False,False,False,False,
1354,Gandhi Special Tubes Limited,GANDHITUBE,Non-Energy Minerals,Steel,False,False,False,False,False,False,False,False,False,False,
1355,Accent Microcell Limited,ACCENTMIC,Health Technology,Pharmaceuticals: Major,False,False,False,False,False,False,False,False,False,False,ACCENTMIC-SM
1356,IKIO Technologies Ltd,IKIO,Producer Manufacturing,Electrical Products,False,False,False,False,False,False,False,False,False,False,
1357,Andhra Sugars Limited,ANDHRSUGAR,Process Industries,Chemicals: Specialty,False,False,False,False,False,False,False,False,False,False,
1358,Genesys International Corporation Limited,GENESYS,Technology Services,Packaged Software,False,False,False,False,False,False,False,False,False,False,
1359,Bhartiya International Limited,BIL,Consumer Non-Durables,Consumer Sundries,False,False,False,False,False,False,False,False,False,False,
1360,Igarashi Motors India Limited,IGARASHI,Producer Manufacturing,Auto Parts: OEM,False,False,False,False,False,False,False,False,False,False,
1361,Hardwyn India Ltd.,HARDWYN,Distribution Services,Wholesale Distributors,False,False,False,False,False,False,False,False,False,False,HARDWYN-BE
1362,Arihant Superstructures Limited,ARIHANTSUP,Finance,Real Estate Development,False,False,False,False,False,False,False,False,False,False,
1363,Capital India Finance Ltd,CIFL,Finance,Finance/Rental/Leasing,False,False,False,False,False,False,False,False,False,False,
1364,Divine Power Energy Ltd.,DPEL,Producer Manufacturing,Electrical Products,False,False,False,False,False,False,False,False,False,False,DPEL-SM
1365,Excelsoft Technologies Limited,EXCELSOFT,Technology Services,Packaged Software,False,False,False,False,False,False,False,False,False,False,
1366,Suraj Estate Developers Limited,SURAJEST,Industrial Services,Engineering & Construction,False,False,False,False,False,False,False,False,False,False,
1367,Crest Ventures Limited,CREST,Finance,Investment Managers,False,False,False,False,False,False,False,False,False,False,
1368,United Foodbrands Limited,UFBL,Consumer Services,Restaurants,False,False,False,False,False,False,False,False,False,False,
1369,Macpower CNC Machines Limited,MACPOWER,Producer Manufacturing,Industrial Machinery,False,False,False,False,False,False,False,False,False,False,
1370,DAM Capital Advisors Ltd.,DAMCAPITAL,Finance,Regional Banks,False,False,False,False,False,False,False,False,False,False,
1371,Dhanlaxmi Bank Ltd,DHANBANK,Finance,Major Banks,False,False,False,False,False,False,False,False,False,False,
1372,SRM Contractors Ltd.,SRM,Industrial Services,Engineering & Construction,False,False,False,False,False,False,False,False,False,False,
1373,Ratnaveer Precision Engineering Ltd.,RATNAVEER,Non-Energy Minerals,Steel,False,False,False,False,False,False,False,False,False,False,
1374,Prime Securities Limited,PRIMESECU,Finance,Investment Banks/Brokers,False,False,False,False,False,False,False,False,False,False,
1375,Jaro Institute of Technology Management and Research Limited,JARO,Technology Services,Internet Software/Services,False,False,False,False,False,False,False,False,False,False,
1376,Tembo Global Industries Ltd.,TEMBO,Producer Manufacturing,Metal Fabrication,False,False,False,False,False,False,False,False,False,False,
1377,Jay Bharat Maruti Limited,JAYBARMARU,Distribution Services,Wholesale Distributors,False,False,False,False,False,False,False,False,False,False,
1378,Monolithisch India Limited,MONOLITH,Non-Energy Minerals,Construction Materials,False,False,False,False,False,False,False,False,False,False,MONOLITH-SM
1379,Eimco Elecon (India) Ltd.,EIMCOELECO,Producer Manufacturing,Trucks/Construction/Farm Machinery,False,False,False,False,False,False,False,False,False,False,
1380,Avadh Sugar & Energy Ltd.,AVADHSUGAR,Process Industries,Agricultural Commodities/Milling,False,False,False,False,False,False,False,False,False,False,
1381,BCL Industries Ltd,BCLIND,Consumer Non-Durables,Food: Major Diversified,False,False,False,False,False,False,False,False,False,False,
1382,Likhitha Infrastructure Ltd,LIKHITHA,Industrial Services,Engineering & Construction,False,False,False,False,False,False,False,False,False,False,
1383,Sathlokhar Synergys E&C Global Limited,SSEGL,Industrial Services,Engineering & Construction,False,False,False,False,False,False,False,False,False,False,SSEGL-SM
1384,Systematix Corporate Services Limited,SYSTMTXC,Finance,Investment Banks/Brokers,False,False,False,False,False,False,False,False,False,False,
1385,Western Carriers (India) Limited,WCIL,Transportation,Air Freight/Couriers,False,False,False,False,False,False,False,False,False,False,
1386,5paisa Capital Ltd.,5PAISA,Finance,Investment Banks/Brokers,False,False,False,False,False,False,False,False,False,False,
1387,Bluspring Enterprises Ltd,BLUSPRING,Commercial Services,Miscellaneous Commercial Services,False,False,False,False,False,False,False,False,False,False,
1388,Viceroy Hotels Ltd,VHLTD,Consumer Services,Hotels/Resorts/Cruise lines,False,False,False,False,False,False,False,False,False,False,VHLTD-BE
1389,AVT Natural Products Limited,AVTNPL,Consumer Non-Durables,Food: Specialty/Candy,False,False,False,False,False,False,False,False,False,False,
1390,Tribhovandas Bhimji Zaveri Limited,TBZ,Consumer Durables,Other Consumer Specialties,False,False,False,False,False,False,False,False,False,False,
1391,ArisInfra Solutions Limited,ARIS,Technology Services,Packaged Software,False,False,False,False,False,False,False,False,False,False,
1392,Gala Precision Engineering Limited,GALAPREC,Producer Manufacturing,Metal Fabrication,False,False,False,False,False,False,False,False,False,False,
1393,Jayant Agro-Organics Limited,JAYAGROGN,Process Industries,Agricultural Commodities/Milling,False,False,False,False,False,False,False,False,False,False,
1394,SKM Egg Products Export (India) Ltd.,SKMEGGPROD,Process Industries,Agricultural Commodities/Milling,False,False,False,False,False,False,False,False,False,False,
1395,Uttam Sugar Mills Limited,UTTAMSUGAR,Process Industries,Agricultural Commodities/Milling,False,False,False,False,False,False,False,False,False,False,
1396,Osel Devices Limited,OSELDEVICE,Health Technology,Medical Specialties,False,False,False,False,False,False,False,False,False,False,OSELDEVICE-SM
1397,Indo Rama Synthetics (India) Limited,INDORAMA,Process Industries,Textiles,False,False,False,False,False,False,False,False,False,False,
1398,Tamil Nadu Newsprint & Papers Ltd.,TNPL,Process Industries,Pulp & Paper,False,False,False,False,False,False,False,False,False,False,
1399,Royal Orchid Hotels Limited,ROHLTD,Consumer Services,Hotels/Resorts/Cruise lines,False,False,False,False,False,False,False,False,False,False,
1400,Wealth First Portfolio Managers Ltd.,WEALTH,Finance,Investment Managers,False,False,False,False,False,False,False,False,False,False,
1401,Borana Weaves Limited,BORANA,Process Industries,Textiles,False,False,False,False,False,False,False,False,False,False,BORANA-BE
1402,Creative Newtech Limited,CNL,Distribution Services,Electronics Distributors,False,False,False,False,False,False,False,False,False,False,
1403,MIC Electronics Limited,MICEL,Health Technology,Medical Specialties,False,False,False,False,False,False,False,False,False,False,
1404,Zuari Agro Chemicals Ltd.,ZUARI,Process Industries,Chemicals: Agricultural,False,False,False,False,False,False,False,False,False,False,
1405,Master Trust Limited,MASTERTR,Finance,Investment Banks/Brokers,False,False,False,False,False,False,False,False,False,False,
1406,Matrimony.com Ltd.,MATRIMONY,Technology Services,Internet Software/Services,False,False,False,False,False,False,False,False,False,False,
1407,STEL Holdings Limited,STEL,Finance,Financial Conglomerates,False,False,False,False,False,False,False,False,False,False,
1408,Deccan Cements Ltd,DECCANCE,Non-Energy Minerals,Construction Materials,False,False,False,False,False,False,False,False,False,False,
1409,Mamata Machinery Ltd.,MAMATA,Producer Manufacturing,Industrial Machinery,False,False,False,False,False,False,False,False,False,False,
1410,Century Enka Limited,CENTENKA,Process Industries,Chemicals: Specialty,False,False,False,False,False,False,False,False,False,False,
1411,Suyog Telematics Ltd.,SUYOG,Industrial Services,Engineering & Construction,False,False,False,False,False,False,False,False,False,False,
1412,India Power Corp. Ltd.,DPSCLTD,Utilities,Electric Utilities,False,False,False,False,False,False,False,False,False,False,
1413,Sterling Tools Limited,STERTOOLS,Producer Manufacturing,Metal Fabrication,False,False,False,False,False,False,False,False,False,False,
1414,Aeroflex Enterprises Ltd,AEROENTER,Producer Manufacturing,Industrial Machinery,False,False,False,False,False,False,False,False,False,False,
1415,Dharmaj Crop Guard Ltd.,DHARMAJ,Process Industries,Chemicals: Agricultural,False,False,False,False,False,False,False,False,False,False,
1416,Hexa Tradex Limited,HEXATRADEX,Distribution Services,Wholesale Distributors,False,False,False,False,False,False,False,False,False,False,
1417,AB Cotspin India Ltd.,ABCOTS,Consumer Non-Durables,Apparel/Footwear,False,False,False,False,False,False,False,False,False,False,
1418,Om Infra Limited,OMINFRAL,Industrial Services,Engineering & Construction,False,False,False,False,False,False,False,False,False,False,
1419,Dhampur Sugar Mills Limited,DHAMPURSUG,Process Industries,Agricultural Commodities/Milling,False,False,False,False,False,False,False,False,False,False,
1420,Hariom Pipe Industries Ltd.,HARIOMPIPE,Non-Energy Minerals,Steel,False,False,False,False,False,False,False,False,False,False,
1421,Gujarat Kidney & Super Speciality Ltd.,GKSL,Health Services,Hospital/Nursing Management,False,False,False,False,False,False,False,False,False,False,
1422,Finkurve Financial Services Ltd.,FINKURVE,Finance,Finance/Rental/Leasing,False,False,False,False,False,False,False,False,False,False,
1423,Quick Heal Technologies Ltd.,QUICKHEAL,Technology Services,Packaged Software,False,False,False,False,False,False,False,False,False,False,
1424,M.V.K. Agro Food Product Ltd.,MVKAGRO,Process Industries,Agricultural Commodities/Milling,False,False,False,False,False,False,False,False,False,False,MVKAGRO-SM
1425,Kapston Services Limited,KAPSTON,Commercial Services,Miscellaneous Commercial Services,False,False,False,False,False,False,False,False,False,False,KAPSTON-BE
1426,Amines & Plasticizers Ltd.,AMNPLST,Process Industries,Chemicals: Specialty,False,False,False,False,False,False,False,False,False,False,
1427,Sastasundar Ventures Limited,SASTASUNDR,Retail Trade,Internet Retail,False,False,False,False,False,False,False,False,False,False,
1428,Oriental Aromatics Ltd.,OAL,Process Industries,Chemicals: Specialty,False,False,False,False,False,False,False,False,False,False,
1429,Manali Petrochemicals Limited,MANALIPETC,Process Industries,Chemicals: Specialty,False,False,False,False,False,False,False,False,False,False,
1430,NCL Industries Ltd,NCLIND,Non-Energy Minerals,Construction Materials,False,False,False,False,False,False,False,False,False,False,
1431,Ester Industries Limited,ESTER,Process Industries,Industrial Specialties,False,False,False,False,False,False,False,False,False,False,
1432,Indef Manufacturing Limited,BAJAJINDEF,Producer Manufacturing,Trucks/Construction/Farm Machinery,False,False,False,False,False,False,False,False,False,False,
1433,NIIT Limited,NIITLTD,Commercial Services,Miscellaneous Commercial Services,False,False,False,False,False,False,False,False,False,False,
1434,Nahar Spinning Mills Ltd,NAHARSPING,Process Industries,Textiles,False,False,False,False,False,False,False,False,False,False,
1435,New Delhi Television Limited,NDTV,Consumer Services,Broadcasting,False,False,False,False,False,False,False,False,False,False,
1436,Yuken India Limited,YUKEN,Producer Manufacturing,Industrial Machinery,False,False,False,False,False,False,False,False,False,False,
1437,Scoda Tubes Ltd.,SCODATUBES,Non-Energy Minerals,Steel,False,False,False,False,False,False,False,False,False,False,
1438,Electrotherm (India) Limited,ELECTHERM,Non-Energy Minerals,Steel,False,False,False,False,False,False,False,False,False,False,
1439,Maan Aluminium Limited,MAANALU,Non-Energy Minerals,Aluminum,False,False,False,False,False,False,False,False,False,False,
1440,Advent Hotels International Limited,ADVENTHTL,Industrial Services,Engineering & Construction,False,False,False,False,False,False,False,False,False,False,
1441,IFB Agro Industries Ltd.,IFBAGRO,Consumer Non-Durables,Beverages: Alcoholic,False,False,False,False,False,False,False,False,False,False,
1442,Wanbury Limited,WANBURY,Health Technology,Pharmaceuticals: Major,False,False,False,False,False,False,False,False,False,False,WANBURY-BE
1443,Dwarikesh Sugar Industries Ltd.,DWARKESH,Process Industries,Agricultural Commodities/Milling,False,False,False,False,False,False,False,False,False,False,
1444,JITF Infralogistics Ltd.,JITFINFRA,Transportation,Trucking,False,False,False,False,False,False,False,False,False,False,JITFINFRA-BE
1445,Prostarm Info Systems Limited,PROSTARM,Producer Manufacturing,Electrical Products,False,False,False,False,False,False,False,False,False,False,
1446,Ganesh Consumer Products Limited,GANESHCP,Process Industries,Agricultural Commodities/Milling,False,False,False,False,False,False,False,False,False,False,
1447,Krishival Foods Limited,KRISHIVAL,Process Industries,Agricultural Commodities/Milling,False,False,False,False,False,False,False,False,False,False,
1448,Swelect Energy Systems Limited,SWELECTES,Producer Manufacturing,Electrical Products,False,False,False,False,False,False,False,False,False,False,
1449,Sahana System Limited,SAHANA,Technology Services,Information Technology Services,False,False,False,False,False,False,False,False,False,False,SAHANA-SM
1450,Bodal Chemicals Limited,BODALCHEM,Process Industries,Industrial Specialties,False,False,False,False,False,False,False,False,False,False,
1451,Kokuyo Camlin Limited,KOKUYOCMLN,Consumer Durables,Tools & Hardware,False,False,False,False,False,False,False,False,False,False,
1452,Gem Aromatics Limited,GEMAROMA,Process Industries,Chemicals: Major Diversified,False,False,False,False,False,False,False,False,False,False,GEMAROMA-BE
1453,Vascon Engineers Limited,VASCONEQ,Industrial Services,Engineering & Construction,False,False,False,False,False,False,False,False,False,False,
1454,Indo Borax & Chemicals Limited,INDOBORAX,Process Industries,Chemicals: Specialty,False,False,False,False,False,False,False,False,False,False,
1455,Arrow Greentech Limited,ARROWGREEN,Process Industries,Containers/Packaging,False,False,False,False,False,False,False,False,False,False,
1456,Manoj Vaibhav Gems 'N' Jewellers Limited,MVGJL,Retail Trade,Specialty Stores,False,False,False,False,False,False,False,False,False,False,
1457,Rama Steel Tubes Ltd.,RAMASTEEL,Non-Energy Minerals,Steel,False,False,False,False,False,False,False,False,False,False,
1458,Prozone Realty Ltd,PROZONER,Finance,Real Estate Development,False,False,False,False,False,False,False,False,False,False,
1459,Dhunseri Ventures Limited,DVL,Consumer Non-Durables,Food: Major Diversified,False,False,False,False,False,False,False,False,False,False,
1460,Max India Ltd,MAXIND,Health Services,Medical/Nursing Services,False,False,False,False,False,False,False,False,False,False,
1461,Karnika Industries Ltd.,KARNIKA,Consumer Non-Durables,Apparel/Footwear,False,False,False,False,False,False,False,False,False,False,KARNIKA-SM
1462,PVP Ventures Limited,PVP,Technology Services,Information Technology Services,False,False,False,False,False,False,False,False,False,False,
1463,Sigachi Industries Limited,SIGACHI,Health Technology,Pharmaceuticals: Major,False,False,False,False,False,False,False,False,False,False,
1464,Pudumjee Paper Products Ltd.,PDMJEPAPER,Process Industries,Pulp & Paper,False,False,False,False,False,False,False,False,False,False,
1465,Regaal Resources Limited,REGAAL,Process Industries,Agricultural Commodities/Milling,False,False,False,False,False,False,False,False,False,False,
1466,Irm Energy Limited,IRMENERGY,Energy Minerals,Integrated Oil,False,False,False,False,False,False,False,False,False,False,
1467,Gretex Corporate Services Ltd,GCSL,Finance,Investment Banks/Brokers,False,False,False,False,False,False,False,False,False,False,
1468,Tamilnadu Petro Products Ltd.,TNPETRO,Process Industries,Chemicals: Specialty,False,False,False,False,False,False,False,False,False,False,
1469,GIC Housing Finance Limited,GICHSGFIN,Finance,Finance/Rental/Leasing,False,False,False,False,False,False,False,False,False,False,
1470,Ambika Cotton Mills Limited,AMBIKCO,Process Industries,Textiles,False,False,False,False,False,False,False,False,False,False,
1471,Sacheerome Limited,SACHEEROME,Consumer Non-Durables,Household/Personal Care,False,False,False,False,False,False,False,False,False,False,SACHEEROME-SM
1472,NINtec Systems Ltd,NINSYS,Technology Services,Packaged Software,False,False,False,False,False,False,False,False,False,False,
1473,ECOS (India) Mobility & Hospitality Limited,ECOSMOBLTY,Finance,Finance/Rental/Leasing,False,False,False,False,False,False,False,False,False,False,
1474,Synergy Green Industries Ltd.,SGIL,Non-Energy Minerals,Steel,False,False,False,False,False,False,False,False,False,False,
1475,Mangalam Worldwide Ltd.,MWL,Non-Energy Minerals,Steel,False,False,False,False,False,False,False,False,False,False,
1476,Innovana Thinklabs Ltd.,INNOVANA,Technology Services,Packaged Software,False,False,False,False,False,False,False,False,False,False,
1477,Dhampur Bio Organics Ltd,DBOL,Process Industries,Agricultural Commodities/Milling,False,False,False,False,False,False,False,False,False,False,
1478,Kellton Tech Solutions Ltd.,KELLTONTEC,Technology Services,Packaged Software,False,False,False,False,False,False,False,False,False,False,
1479,OBSC Perfection Ltd.,OBSCP,Producer Manufacturing,Metal Fabrication,False,False,False,False,False,False,False,False,False,False,OBSCP-SM
1480,Sree Rayalaseema Hi-Strength Hypo Limited,SRHHYPOLTD,Process Industries,Chemicals: Specialty,False,False,False,False,False,False,False,False,False,False,
1481,Viviana Power Tech Limited,VIVIANA,Industrial Services,Engineering & Construction,False,False,False,False,False,False,False,False,False,False,VIVIANA-SM
1482,C2C Advanced Systems Ltd.,C2C,Technology Services,Packaged Software,False,False,False,False,False,False,False,False,False,False,C2C-SM
1483,Arihant Capital Markets Limited,ARIHANTCAP,Finance,Investment Banks/Brokers,False,False,False,False,False,False,False,False,False,False,
1484,Munjal Auto Industries Limited,MUNJALAU,Producer Manufacturing,Auto Parts: OEM,False,False,False,False,False,False,False,False,False,False,
1485,Kabra ExtrusionTechnik Ltd.,KABRAEXTRU,Producer Manufacturing,Industrial Machinery,False,False,False,False,False,False,False,False,False,False,
1486,Remus Pharmaceuticals Ltd.,REMUS,Health Technology,Pharmaceuticals: Major,False,False,False,False,False,False,False,False,False,False,REMUS-SM
1487,Sudarshan Colorants India Ltd,SUDARCOLOR,Process Industries,Chemicals: Major Diversified,False,False,False,False,False,False,False,False,False,False,
1488,Themis Medicare Limited,THEMISMED,Health Technology,Pharmaceuticals: Major,False,False,False,False,False,False,False,False,False,False,
1489,Indo Amines Limited,INDOAMIN,Process Industries,Chemicals: Major Diversified,False,False,False,False,False,False,False,False,False,False,
1490,Heranba Industries Limited,HERANBA,Process Industries,Chemicals: Agricultural,False,False,False,False,False,False,False,False,False,False,
1491,FlySBS Aviation Limited,FLYSBS,Transportation,Airlines,False,False,False,False,False,False,False,False,False,False,FLYSBS-SM
1492,Anuh Pharma Limited,ANUHPHR,Health Technology,Pharmaceuticals: Major,False,False,False,False,False,False,False,False,False,False,
1493,Innovision Limited,INNOVISION,Transportation,Other Transportation,False,False,False,False,False,False,False,False,False,False,
1494,Stanley Lifestyles Ltd.,STANLEY,Consumer Durables,Home Furnishings,False,False,False,False,False,False,False,False,False,False,
1495,Krystal Integrated Services Ltd.,KRYSTAL,Commercial Services,Miscellaneous Commercial Services,False,False,False,False,False,False,False,False,False,False,
1496,Australian Premium Solar (India) Limited,APS,Electronic Technology,Semiconductors,False,False,False,False,False,False,False,False,False,False,APS-SM
1497,Ghcl Textiles Ltd.,GHCLTEXTIL,Process Industries,Textiles,False,False,False,False,False,False,False,False,False,False,
1498,Radhika Jeweltech Ltd,RADHIKAJWE,Consumer Durables,Other Consumer Specialties,False,False,False,False,False,False,False,False,False,False,
1499,Allcargo Terminals Limited,ATLPP.E1,Transportation,Marine Shipping,False,False,False,False,False,False,False,False,False,False,
1500,Allcargo Terminals Limited,ATL,Transportation,Marine Shipping,False,False,False,False,False,False,False,False,False,False,
1501,Eldeco Housing & Industries Ltd.,ELDEHSG,Finance,Real Estate Development,False,False,False,False,False,False,False,False,False,False,
1502,TVS Electronics Limited,TVSELECT,Electronic Technology,Electronic Equipment/Instruments,False,False,False,False,False,False,False,False,False,False,
1503,Valiant Organics Limited,VALIANTORG,Process Industries,Chemicals: Specialty,False,False,False,False,False,False,False,False,False,False,
1504,Zuari Industries Limited,ZUARIIND,Process Industries,Agricultural Commodities/Milling,False,False,False,False,False,False,False,False,False,False,
1505,RNFI Services Ltd.,RNFI,Finance,Regional Banks,False,False,False,False,False,False,False,False,False,False,RNFI-SM
1506,Ksolves India Ltd,KSOLVES,Technology Services,Packaged Software,False,False,False,False,False,False,False,False,False,False,
1507,Consolidated Construction Consortium Limited,CCCL,Industrial Services,Engineering & Construction,False,False,False,False,False,False,False,False,False,False,
1508,Ruby Mills Limited,RUBYMILLS,Process Industries,Textiles,False,False,False,False,False,False,False,False,False,False,
1509,GTPL Hathway Ltd,GTPL,Communications,Specialty Telecommunications,False,False,False,False,False,False,False,False,False,False,
1510,Oswal Agro Mills Ltd.,OSWALAGRO,Finance,Real Estate Development,False,False,False,False,False,False,False,False,False,False,
1511,Kothari Petrochemicals Ltd.,KOTHARIPET,Process Industries,Chemicals: Specialty,False,False,False,False,False,False,False,False,False,False,
1512,Parin Enterprises Limited,PARIN,Consumer Durables,Home Furnishings,False,False,False,False,False,False,False,False,False,False,PARIN-SM
1513,V L S Finance Limited,VLSFINANCE,Finance,Investment Banks/Brokers,False,False,False,False,False,False,False,False,False,False,
1514,NR Agarwal Industries Ltd.,NRAIL,Process Industries,Containers/Packaging,False,False,False,False,False,False,False,False,False,False,
1515,BEML Land Assets Limited,BLAL,Finance,Investment Managers,False,False,False,False,False,False,False,False,False,False,
1516,Oswal Greentech Ltd.,OSWALGREEN,Finance,Real Estate Development,False,False,False,False,False,False,False,False,False,False,
1517,BIGBLOC Construction Ltd,BIGBLOC,Non-Energy Minerals,Construction Materials,False,False,False,False,False,False,False,False,False,False,
1518,Aditya Birla Money Limited,BIRLAMONEY,Finance,Investment Banks/Brokers,False,False,False,False,False,False,False,False,False,False,
1519,Kopran Limited,KOPRAN,Health Technology,Pharmaceuticals: Major,False,False,False,False,False,False,False,False,False,False,
1520,Mangal Electrical Industries Limited,MEIL,Electronic Technology,Electronic Components,False,False,False,False,False,False,False,False,False,False,
1521,Automotive Stampings & Assemblies Ltd.,ASAL,Producer Manufacturing,Auto Parts: OEM,False,False,False,False,False,False,False,False,False,False,
1522,Z-Tech (India) Ltd.,ZTECH,Industrial Services,Engineering & Construction,False,False,False,False,False,False,False,False,False,False,ZTECH-SM
1523,Sarla Performance Fibers Limited,SARLAPOLY,Process Industries,Textiles,False,False,False,False,False,False,False,False,False,False,
1524,Sandesh Limited,SANDESH,Consumer Services,Publishing: Newspapers,False,False,False,False,False,False,False,False,False,False,
1525,Bhageria Industries Ltd.,BHAGERIA,Process Industries,Chemicals: Specialty,False,False,False,False,False,False,False,False,False,False,
1526,Vakrangee Limited,VAKRANGEE,Retail Trade,Internet Retail,False,False,False,False,False,False,False,False,False,False,
1527,Consolidated Finvest & Holdings LTd,CONSOFINVT,Finance,Financial Conglomerates,False,False,False,False,False,False,False,False,False,False,CONSOFINVT-BE
1528,Xchanging Solutions Limited,XCHANGING,Technology Services,Information Technology Services,False,False,False,False,False,False,False,False,False,False,
1529,Mallcom (India) Ltd.,MALLCOM,Consumer Non-Durables,Apparel/Footwear,False,False,False,False,False,False,False,False,False,False,
1530,Denta Water and Infra Solutions Limited,DENTA,Industrial Services,Engineering & Construction,False,False,False,False,False,False,False,False,False,False,
1531,Indo Farm Equipment Ltd.,INDOFARM,Producer Manufacturing,Trucks/Construction/Farm Machinery,False,False,False,False,False,False,False,False,False,False,
1532,Uniphos Enterprises Limited,UNIENTER,Producer Manufacturing,Industrial Conglomerates,False,False,False,False,False,False,False,False,False,False,
1533,Supreme Infrastructure India Limited,SUPREMEINF,Industrial Services,Engineering & Construction,False,False,False,False,False,False,False,False,False,False,SUPREMEINF-BZ
1534,Shree Rama Multi-Tech Limited,SHREERAMA,Process Industries,Containers/Packaging,False,False,False,False,False,False,False,False,False,False,
1535,Vision Infra Equipment Solutions Limited,VIESL,Finance,Finance/Rental/Leasing,False,False,False,False,False,False,False,False,False,False,VIESL-SM
1536,Popular Vehicles and Services Limited,PVSL,Retail Trade,Specialty Stores,False,False,False,False,False,False,False,False,False,False,
1537,Fabtech Technologies Limited,FABTECH,Health Technology,Biotechnology,False,False,False,False,False,False,False,False,False,False,
1538,Magadh Sugar & Energy Ltd.,MAGADSUGAR,Process Industries,Agricultural Commodities/Milling,False,False,False,False,False,False,False,False,False,False,
1539,Shree Vasu Logistics Ltd.,SVLL,Transportation,Air Freight/Couriers,False,False,False,False,False,False,False,False,False,False,
1540,State Trading Corporation of India Limited,STCINDIA,Distribution Services,Food Distributors,False,False,False,False,False,False,False,False,False,False,
1541,Ganesh Green Bharat Limited,GGBL,Electronic Technology,Semiconductors,False,False,False,False,False,False,False,False,False,False,GGBL-SM
1542,Kuantum Papers Limited,KUANTUM,Process Industries,Pulp & Paper,False,False,False,False,False,False,False,False,False,False,
1543,Mukka Proteins Limited,MUKKA,Consumer Non-Durables,Food: Meat/Fish/Dairy,False,False,False,False,False,False,False,False,False,False,
1544,South West Pinnacle Exploration Ltd.,SOUTHWEST,Energy Minerals,Coal,False,False,False,False,False,False,False,False,False,False,
1545,Tejas Cargo India Limited,TEJASCARGO,Transportation,Air Freight/Couriers,False,False,False,False,False,False,False,False,False,False,TEJASCARGO-SM
1546,CHANDAN HEALTHCARE LIMITED,CHANDAN,Health Services,Medical/Nursing Services,False,False,False,False,False,False,False,False,False,False,CHANDAN-SM
1547,Precot Ltd.,PRECOT,Process Industries,Textiles,False,False,False,False,False,False,False,False,False,False,PRECOT-BE
1548,Kirloskar Electric Co. Ltd.,KECL,Producer Manufacturing,Electrical Products,False,False,False,False,False,False,False,False,False,False,
1549,Concord Enviro Systems Limited,CEWATER,Industrial Services,Environmental Services,False,False,False,False,False,False,False,False,False,False,
1550,Cellecor Gadgets Limited,CELLECOR,Consumer Durables,Electronics/Appliances,False,False,False,False,False,False,False,False,False,False,CELLECOR-SM
1551,RSWM Ltd,RSWM,Process Industries,Textiles,False,False,False,False,False,False,False,False,False,False,
1552,Saurashtra Cement Limited,SAURASHCEM,Non-Energy Minerals,Construction Materials,False,False,False,False,False,False,False,False,False,False,
1553,United Polyfab Gujarat Ltd,UNITEDPOLY,Process Industries,Textiles,False,False,False,False,False,False,False,False,False,False,
1554,Fairchem Organics Ltd,FAIRCHEMOR,Process Industries,Chemicals: Specialty,False,False,False,False,False,False,False,False,False,False,
1555,TAKE Solutions Limited,TAKE,Technology Services,Information Technology Services,False,False,False,False,False,False,False,False,False,False,TAKE-BE
1556,Foce India Limited,FOCE,Consumer Durables,Other Consumer Specialties,False,False,False,False,False,False,False,False,False,False,FOCE-SM
1557,Advance Agrolife Ltd.,ADVANCE,Process Industries,Chemicals: Agricultural,False,False,False,False,False,False,False,False,False,False,
1558,TV Today Network Ltd.,TVTODAY,Consumer Services,Broadcasting,False,False,False,False,False,False,False,False,False,False,
1559,Allied Digital Services Limited,ADSL,Technology Services,Information Technology Services,False,False,False,False,False,False,False,False,False,False,
1560,Satia Industries Ltd,SATIA,Process Industries,Pulp & Paper,False,False,False,False,False,False,False,False,False,False,
1561,Menon Bearings Limited,MENONBE,Producer Manufacturing,Metal Fabrication,False,False,False,False,False,False,False,False,False,False,
1562,Snowman Logistics Ltd,SNOWMAN,Commercial Services,Miscellaneous Commercial Services,False,False,False,False,False,False,False,False,False,False,
1563,Unihealth Hospitals Ltd,UNIHEALTH,Health Services,Medical/Nursing Services,False,False,False,False,False,False,False,False,False,False,UNIHEALTH-ST
1564,Vasa Denticity Limited,DENTALKART,Retail Trade,Specialty Stores,False,False,False,False,False,False,False,False,False,False,DENTALKART-SM
1565,Anlon Healthcare Limited,AHCL,Health Technology,Pharmaceuticals: Major,False,False,False,False,False,False,False,False,False,False,
1566,Gloster Ltd.,GLOSTERLTD,Process Industries,Textiles,False,False,False,False,False,False,False,False,False,False,
1567,Petro Carbon & Chemicals Ltd,PCCL,Process Industries,Industrial Specialties,False,False,False,False,False,False,False,False,False,False,PCCL-SM
1568,Iris Clothings Ltd.,IRISDOREME,Consumer Non-Durables,Apparel/Footwear,False,False,False,False,False,False,False,False,False,False,
1569,TransIndia Real Estate Limited,TREL,Finance,Real Estate Development,False,False,False,False,False,False,False,False,False,False,
1570,Dc Infotech And Communication Ltd,DCI,Electronic Technology,Telecommunications Equipment,False,False,False,False,False,False,False,False,False,False,DCI-BE
1571,Premier Polyfilm Limited,PREMIERPOL,Non-Energy Minerals,Forest Products,False,False,False,False,False,False,False,False,False,False,PREMIERPOL-BE
1572,Commercial Syn Bags Limited,COMSYN,Process Industries,Containers/Packaging,False,False,False,False,False,False,False,False,False,False,
1573,Kamdhenu Limited,KAMDHENU,Non-Energy Minerals,Steel,False,False,False,False,False,False,False,False,False,False,
1574,Cheviot Co. Ltd.,CHEVIOT,Process Industries,Textiles,False,False,False,False,False,False,False,False,False,False,
1575,Linc Limited,LINC,Consumer Non-Durables,Consumer Sundries,False,False,False,False,False,False,False,False,False,False,
1576,Patel Retail Limited,PATELRMART,Retail Trade,Food Retail,False,False,False,False,False,False,False,False,False,False,
1577,Agarwal Industrial Corporation Limited,AGARIND,Process Industries,Chemicals: Specialty,False,False,False,False,False,False,False,False,False,False,
1578,Modi's Navnirman Ltd.,MODIS,Finance,Real Estate Development,False,False,False,False,False,False,False,False,False,False,
1579,Hindustan Composites Limited,HINDCOMPOS,Producer Manufacturing,Auto Parts: OEM,False,False,False,False,False,False,False,False,False,False,
1580,Euro India Fresh Foods Ltd.,EIFFL,Consumer Non-Durables,Food: Specialty/Candy,False,False,False,False,False,False,False,False,False,False,
1581,Ganesh Benzoplast Limited,GANESHBE,Process Industries,Chemicals: Specialty,False,False,False,False,False,False,False,False,False,False,
1582,GeeCee Ventures Limited,GEECEE,Finance,Real Estate Development,False,False,False,False,False,False,False,False,False,False,
1583,Sejal Glass Limited,SEJALLTD,Process Industries,Industrial Specialties,False,False,False,False,False,False,False,False,False,False,
1584,Nahar Poly Films Limited,NAHARPOLY,Process Industries,Textiles,False,False,False,False,False,False,False,False,False,False,
1585,MMP Industries Ltd.,MMP,Non-Energy Minerals,Other Metals/Minerals,False,False,False,False,False,False,False,False,False,False,
1586,Baheti Recycling Industries Limited,BAHETI,Producer Manufacturing,Metal Fabrication,False,False,False,False,False,False,False,False,False,False,BAHETI-SM
1587,Shri Ahimsa Naturals Limited,SHRIAHIMSA,Health Technology,Pharmaceuticals: Other,False,False,False,False,False,False,False,False,False,False,SHRIAHIMSA-SM
1588,W.S. Industries (India) Limited,WSI,Producer Manufacturing,Electrical Products,False,False,False,False,False,False,False,False,False,False,
1589,Gaudium IVF & Women Health Ltd.,GAUDIUMIVF,Health Services,Medical/Nursing Services,False,False,False,False,False,False,False,False,False,False,
1590,Onward Technologies Limited,ONWARDTEC,Technology Services,Information Technology Services,False,False,False,False,False,False,False,False,False,False,
1591,Mindteck (India) Limited,MINDTECK,Technology Services,Information Technology Services,False,False,False,False,False,False,False,False,False,False,
1592,Gujarat Apollo Industries Limited,GUJAPOLLO,Producer Manufacturing,Trucks/Construction/Farm Machinery,False,False,False,False,False,False,False,False,False,False,
1593,Peninsula Land Limited,PENINLAND,Finance,Real Estate Development,False,False,False,False,False,False,False,False,False,False,
1594,20 Microns Limited,20MICRONS,Process Industries,Chemicals: Specialty,False,False,False,False,False,False,False,False,False,False,
1595,Sahasra Electronic Solutions Limited,SAHASRA,Electronic Technology,Electronic Production Equipment,False,False,False,False,False,False,False,False,False,False,SAHASRA-SM
1596,Elin Electronics Limited,ELIN,Electronic Technology,Electronic Production Equipment,False,False,False,False,False,False,False,False,False,False,
1597,Dish TV India Limited,DISHTV,Communications,Specialty Telecommunications,False,False,False,False,False,False,False,False,False,False,
1598,Basilic Fly Studio Ltd.,BASILIC,Consumer Services,Movies/Entertainment,False,False,False,False,False,False,False,False,False,False,BASILIC-SM
1599,Emkay Global Financial Services Limited,EMKAY,Finance,Investment Managers,False,False,False,False,False,False,False,False,False,False,
1600,CSL Finance Limited,CSLFINANCE,Finance,Investment Banks/Brokers,False,False,False,False,False,False,False,False,False,False,
1601,Manba Finance Limited,MANBA,Finance,Finance/Rental/Leasing,False,False,False,False,False,False,False,False,False,False,
1602,Best Agrolife Ltd.,BESTAGRO,Process Industries,Chemicals: Agricultural,False,False,False,False,False,False,False,False,False,False,BESTAGRO-BE
1603,HT Media Limited,HTMEDIA,Consumer Services,Publishing: Newspapers,False,False,False,False,False,False,False,False,False,False,
1604,Tirupati Forge Ltd.,TIRUPATIFL,Producer Manufacturing,Industrial Conglomerates,False,False,False,False,False,False,False,False,False,False,TIRUPATIFL-BE
1605,Pyramid Technoplast Ltd.,PYRAMID,Producer Manufacturing,Miscellaneous Manufacturing,False,False,False,False,False,False,False,False,False,False,
1606,RBZ Jewellers Limited,RBZJEWEL,Consumer Durables,Other Consumer Specialties,False,False,False,False,False,False,False,False,False,False,
1607,Ritco Logistics Ltd.,RITCO,Transportation,Trucking,False,False,False,False,False,False,False,False,False,False,
1608,Chemcon Speciality Chemicals Ltd,CHEMCON,Process Industries,Chemicals: Specialty,False,False,False,False,False,False,False,False,False,False,
1609,Primo Chemicals Limited,PRIMO,Process Industries,Chemicals: Specialty,False,False,False,False,False,False,False,False,False,False,
1610,Coffee Day Enterprises Ltd,COFFEEDAY,Consumer Services,Restaurants,False,False,False,False,False,False,False,False,False,False,
1611,S Chand And Company Limited,SCHAND,Consumer Services,Publishing: Books/Magazines,False,False,False,False,False,False,False,False,False,False,
1612,DMCC Speciality Chemicals Limited,DMCC,Process Industries,Chemicals: Major Diversified,False,False,False,False,False,False,False,False,False,False,
1613,Khaitan Chemicals & Fertilizers Ltd.,KHAICHEM,Process Industries,Chemicals: Agricultural,False,False,False,False,False,False,False,False,False,False,
1614,ANB Metal Cast Limited,AMCL,Non-Energy Minerals,Aluminum,False,False,False,False,False,False,False,False,False,False,AMCL-SM
1615,Everest Industries Limited,EVERESTIND,Distribution Services,Wholesale Distributors,False,False,False,False,False,False,False,False,False,False,
1616,Davangere Sugar Company Limited,DAVANGERE,Process Industries,Agricultural Commodities/Milling,False,False,False,False,False,False,False,False,False,False,
1617,Sukhjit Starch & Chemicals Ltd.,SUKHJITS,Consumer Non-Durables,Food: Specialty/Candy,False,False,False,False,False,False,False,False,False,False,
1618,Nila Spaces Ltd.,NILASPACES,Consumer Durables,Homebuilding,False,False,False,False,False,False,False,False,False,False,
1619,Visaka Industries Ltd.,VISAKAIND,Process Industries,Industrial Specialties,False,False,False,False,False,False,False,False,False,False,
1620,Investment Trust of India Limited,THEINVEST,Finance,Investment Banks/Brokers,False,False,False,False,False,False,False,False,False,False,
1621,Chemfab Alkalis Ltd.,CHEMFAB,Process Industries,Chemicals: Specialty,False,False,False,False,False,False,False,False,False,False,
1622,Influx Healthtech Limited,INFLUX,Health Technology,Pharmaceuticals: Other,False,False,False,False,False,False,False,False,False,False,INFLUX-SM
1623,KN Agri Resources Ltd.,KNAGRI,Process Industries,Agricultural Commodities/Milling,False,False,False,False,False,False,False,False,False,False,
1624,Entertainment Network (India) Limited,ENIL,Consumer Services,Broadcasting,False,False,False,False,False,False,False,False,False,False,
1625,Credo Brands Marketing Limited,MUFTI,Retail Trade,Apparel/Footwear Retail,False,False,False,False,False,False,False,False,False,False,
1626,Utssav CZ Gold Jewels Limited,UTSSAV,Consumer Durables,Other Consumer Specialties,False,False,False,False,False,False,False,False,False,False,UTSSAV-SM
1627,Urja Global Limited,URJA,Electronic Technology,Semiconductors,False,False,False,False,False,False,False,False,False,False,
1628,Repro India Limited,REPRO,Commercial Services,Commercial Printing/Forms,False,False,False,False,False,False,False,False,False,False,
1629,Essar Shipping Limited.,ESSARSHPNG,Transportation,Other Transportation,False,False,False,False,False,False,False,False,False,False,
1630,Bhagyanagar India Limited,BHAGYANGR,Producer Manufacturing,Electrical Products,False,False,False,False,False,False,False,False,False,False,
1631,Effwa Infra & Research Ltd.,EFFWA,Industrial Services,Environmental Services,False,False,False,False,False,False,False,False,False,False,EFFWA-SM
1632,Global Education Ltd.,GLOBAL,Commercial Services,Miscellaneous Commercial Services,False,False,False,False,False,False,False,False,False,False,
1633,Sadhana Nitro Chem Limited,SADHNANIQ,Process Industries,Chemicals: Specialty,False,False,False,False,False,False,False,False,False,False,
1634,TPL Plastech Limited,TPLPLASTEH,Process Industries,Chemicals: Specialty,False,False,False,False,False,False,False,False,False,False,
1635,Kamat Hotels (India) Ltd,KAMATHOTEL,Consumer Services,Hotels/Resorts/Cruise lines,False,False,False,False,False,False,False,False,False,False,
1636,Universus Photo Imagings Ltd,UNIVPHOTO,Consumer Durables,Electronics/Appliances,False,False,False,False,False,False,False,False,False,False,UNIVPHOTO-BE
1637,PTL Enterprises Limited,PTL,Finance,Real Estate Development,False,False,False,False,False,False,False,False,False,False,
1638,IRIS RegTech Solutions Limited,IRIS,Technology Services,Data Processing Services,False,False,False,False,False,False,False,False,False,False,
1639,Kronox Lab Sciences Limited,KRONOX,Process Industries,Chemicals: Specialty,False,False,False,False,False,False,False,False,False,False,
1640,HLV Limited,HLVLTD,Consumer Services,Hotels/Resorts/Cruise lines,False,False,False,False,False,False,False,False,False,False,
1641,Bmw Ventures Limited,BMWVENTLTD,Distribution Services,Wholesale Distributors,False,False,False,False,False,False,False,False,False,False,
1642,ABS Marine Services Ltd.,ABSMARINE,Transportation,Marine Shipping,False,False,False,False,False,False,False,False,False,False,ABSMARINE-SM
1643,Subex Limited,SUBEXLTD,Technology Services,Packaged Software,False,False,False,False,False,False,False,False,False,False,
1644,Connplex Cinemas Limited,CONNPLEX,Consumer Services,Movies/Entertainment,False,False,False,False,False,False,False,False,False,False,CONNPLEX-SM
1645,Speciality Restaurants Ltd.,SPECIALITY,Consumer Services,Restaurants,False,False,False,False,False,False,False,False,False,False,
1646,DCM Shriram Industries Limited,DCMSRIND,Process Industries,Agricultural Commodities/Milling,False,False,False,False,False,False,False,False,False,False,
1647,Pansari Developers Ltd.,PANSARI,Technology Services,Packaged Software,False,False,False,False,False,False,False,False,False,False,
1648,Prakash Pipes Limited,PPL,Producer Manufacturing,Miscellaneous Manufacturing,False,False,False,False,False,False,False,False,False,False,
1649,R&B Denims Ltd,RNBDENIMS,Process Industries,Textiles,False,False,False,False,False,False,False,False,False,False,RNBDENIMS-BE
1650,Munjal Showa Limited,MUNJALSHOW,Producer Manufacturing,Auto Parts: OEM,False,False,False,False,False,False,False,False,False,False,
1651,Aries Agro Ltd.,ARIES,Process Industries,Chemicals: Agricultural,False,False,False,False,False,False,False,False,False,False,
1652,Pramara Promotions Ltd.,PRAMARA,Consumer Durables,Recreational Products,False,False,False,False,False,False,False,False,False,False,PRAMARA-SM
1653,Donear Industries Limited,DONEAR,Process Industries,Textiles,False,False,False,False,False,False,False,False,False,False,
1654,Orient Ceratech Ltd,ORIENTCER,Non-Energy Minerals,Aluminum,False,False,False,False,False,False,False,False,False,False,
1655,Sarveshwar Foods Ltd.,SARVESHWAR,Process Industries,Agricultural Commodities/Milling,False,False,False,False,False,False,False,False,False,False,
1656,Sutlej Textiles & Industries Ltd.,SUTLEJTEX,Process Industries,Textiles,False,False,False,False,False,False,False,False,False,False,
1657,Advani Hotels & Resorts (India) Ltd.,ADVANIHOTR,Consumer Services,Hotels/Resorts/Cruise lines,False,False,False,False,False,False,False,False,False,False,
1658,Tara Chand Infralogistic Solutions Limited,TARACHAND,Finance,Finance/Rental/Leasing,False,False,False,False,False,False,False,False,False,False,
1659,GFL Ltd,GFLLIMITED,Consumer Services,Movies/Entertainment,False,False,False,False,False,False,False,False,False,False,
1660,Suraj Limited,SURAJLTD,Non-Energy Minerals,Steel,False,False,False,False,False,False,False,False,False,False,
1661,Dhunseri Investments Limited,DHUNINV,Process Industries,Chemicals: Specialty,False,False,False,False,False,False,False,False,False,False,
1662,Hindustan Media Ventures Limited,HMVL,Consumer Services,Publishing: Newspapers,False,False,False,False,False,False,False,False,False,False,
1663,Vishnu Prakash R Punglia Ltd.,VPRPL,Industrial Services,Engineering & Construction,False,False,False,False,False,False,False,False,False,False,
1664,Rushil Decor Ltd.,RUSHIL,Non-Energy Minerals,Forest Products,False,False,False,False,False,False,False,False,False,False,
1665,Andhra Cements Limited,ACL,Non-Energy Minerals,Construction Materials,False,False,False,False,False,False,False,False,False,False,
1666,Aptech Limited,APTECHT,Commercial Services,Miscellaneous Commercial Services,False,False,False,False,False,False,False,False,False,False,
1667,Zee Media Corp. Ltd.,ZEEMEDIA,Consumer Services,Broadcasting,False,False,False,False,False,False,False,False,False,False,ZEEMEDIA-BE
1668,DIC India Limited,DICIND,Process Industries,Industrial Specialties,False,False,False,False,False,False,False,False,False,False,
1669,OnMobile Global Limited,ONMOBILE,Communications,Specialty Telecommunications,False,False,False,False,False,False,False,False,False,False,
1670,S J Logistics (India) Limited,SJLOGISTIC,Transportation,Airlines,False,False,False,False,False,False,False,False,False,False,SJLOGISTIC-SM
1671,MoneyBoxx Finance Ltd.,MONEYBOXX,Finance,Regional Banks,False,False,False,False,False,False,False,False,False,False,
1672,Panache Digilife Ltd.,PANACHE,Electronic Technology,Computer Peripherals,False,False,False,False,False,False,False,False,False,False,PANACHE-BE
1673,International Conveyors Ltd.,INTLCONV,Producer Manufacturing,Miscellaneous Manufacturing,False,False,False,False,False,False,False,False,False,False,
1674,Shiv Aum Steels Ltd.,SHIVAUM,Producer Manufacturing,Metal Fabrication,False,False,False,False,False,False,False,False,False,False,SHIVAUM-BE
1675,Gretex Industries Ltd.,GRETEX,Consumer Non-Durables,Apparel/Footwear,False,False,False,False,False,False,False,False,False,False,GRETEX-ST
1676,Laxmi India Finance Limited,LAXMIINDIA,Finance,Finance/Rental/Leasing,False,False,False,False,False,False,False,False,False,False,
1677,Kriti Industries (India) Ltd.,KRITI,Producer Manufacturing,Miscellaneous Manufacturing,False,False,False,False,False,False,False,False,False,False,
1678,Shree Tirupati Balajee FIBC Ltd.,TIRUPATI,Process Industries,Containers/Packaging,False,False,False,False,False,False,False,False,False,False,TIRUPATI-SM
1679,Focus Lighting and Fixtures Ltd,FOCUS,Producer Manufacturing,Electrical Products,False,False,False,False,False,False,False,False,False,False,
1680,Rama Phosphates Limited,RAMAPHO,Process Industries,Chemicals: Agricultural,False,False,False,False,False,False,False,False,False,False,
1681,Suratwwala Business Group Ltd,SBGLP,Finance,Real Estate Development,False,False,False,False,False,False,False,False,False,False,
1682,Modi Naturals Limited,MODINATUR,Process Industries,Agricultural Commodities/Milling,False,False,False,False,False,False,False,False,False,False,
1683,Welspun Investments & Commercials Ltd.,WELINV,Finance,Investment Banks/Brokers,False,False,False,False,False,False,False,False,False,False,
1684,Freshara Agro Exports Limited,FRESHARA,Consumer Non-Durables,Food: Specialty/Candy,False,False,False,False,False,False,False,False,False,False,FRESHARA-ST
1685,OCCL Limited,OCCLLTD,Process Industries,Chemicals: Specialty,False,False,False,False,False,False,False,False,False,False,
1686,Kilitch Drugs (India) Limited,KILITCH,Health Technology,Pharmaceuticals: Major,False,False,False,False,False,False,False,False,False,False,
1687,Globe International Carriers Ltd.,GICL,Transportation,Trucking,False,False,False,False,False,False,False,False,False,False,
1688,Supreme Power Equipment Ltd.,SUPREMEPWR,Producer Manufacturing,Electrical Products,False,False,False,False,False,False,False,False,False,False,SUPREMEPWR-SM
1689,SIL Investments Limited,SILINV,Finance,Financial Conglomerates,False,False,False,False,False,False,False,False,False,False,
1690,Artemis Electricals & Projects Limited,AEPL,Producer Manufacturing,Electrical Products,False,False,False,False,False,False,False,False,False,False,
1691,Modison Limited,MODISONLTD,Industrial Services,Engineering & Construction,False,False,False,False,False,False,False,False,False,False,
1692,Shree Rama Newsprint Ltd.,RAMANEWS,Process Industries,Pulp & Paper,False,False,False,False,False,False,False,False,False,False,
1693,Kanpur Plastipack Limited,KANPRPLA,Producer Manufacturing,Miscellaneous Manufacturing,False,False,False,False,False,False,False,False,False,False,
1694,Liberty Shoes Limited,LIBERTSHOE,Consumer Non-Durables,Apparel/Footwear,False,False,False,False,False,False,False,False,False,False,
1695,Glottis Ltd.,GLOTTIS,Transportation,Marine Shipping,False,False,False,False,False,False,False,False,False,False,
1696,N.B.I. Industrial Finance Company Ltd,NBIFIN,Finance,Financial Conglomerates,False,False,False,False,False,False,False,False,False,False,
1697,Ugar Sugar Works Ltd,UGARSUGAR,Process Industries,Agricultural Commodities/Milling,False,False,False,False,False,False,False,False,False,False,
1698,Vinsys IT Services India Private Limited,VINSYS,Commercial Services,Miscellaneous Commercial Services,False,False,False,False,False,False,False,False,False,False,VINSYS-SM
1699,Megatherm Induction Limited,MEGATHERM,Producer Manufacturing,Industrial Machinery,False,False,False,False,False,False,False,False,False,False,MEGATHERM-SM
1700,Singer India Limited,SINGERIND,Consumer Durables,Electronics/Appliances,False,False,False,False,False,False,False,False,False,False,
1701,Aprameya Engineering Limited,APRAMEYA,Distribution Services,Wholesale Distributors,False,False,False,False,False,False,False,False,False,False,APRAMEYA-SM
1702,R K Swamy Limited,RKSWAMY,Commercial Services,Advertising/Marketing Services,False,False,False,False,False,False,False,False,False,False,
1703,Shah Metacorp Ltd,SHAH,Non-Energy Minerals,Steel,False,False,False,False,False,False,False,False,False,False,
1704,Creative Graphics Solutions India Ltd.,CGRAPHICS,Commercial Services,Commercial Printing/Forms,False,False,False,False,False,False,False,False,False,False,CGRAPHICS-SM
1705,Lokesh Machines Ltd,LOKESHMACH,Technology Services,Information Technology Services,False,False,False,False,False,False,False,False,False,False,
1706,Sreeleathers Ltd.,SREEL,Retail Trade,Apparel/Footwear Retail,False,False,False,False,False,False,False,False,False,False,
1707,Radiant Cash Management Services Limited,RADIANTCMS,Commercial Services,Miscellaneous Commercial Services,False,False,False,False,False,False,False,False,False,False,
1708,Foods & Inns Ltd.,FOODSIN,Consumer Non-Durables,Food: Specialty/Candy,False,False,False,False,False,False,False,False,False,False,
1709,Polysil Irrigation Systems Ltd.,POLYSIL,Producer Manufacturing,Trucks/Construction/Farm Machinery,False,False,False,False,False,False,False,False,False,False,POLYSIL-ST
1710,Mirza International Limited,MIRZAINT,Consumer Non-Durables,Apparel/Footwear,False,False,False,False,False,False,False,False,False,False,
1711,S.A.L. Steel Ltd.,SALSTEEL,Non-Energy Minerals,Steel,False,False,False,False,False,False,False,False,False,False,
1712,Orbit Exports Ltd,ORBTEXP,Process Industries,Textiles,False,False,False,False,False,False,False,False,False,False,
1713,Sigma Solve Ltd,SIGMA,Technology Services,Packaged Software,False,False,False,False,False,False,False,False,False,False,
1714,GP Eco Solutions India Limited,GPECO,Distribution Services,Wholesale Distributors,False,False,False,False,False,False,False,False,False,False,GPECO-SM
1715,Shivalik Rasayan Ltd,SHIVALIK,Process Industries,Chemicals: Agricultural,False,False,False,False,False,False,False,False,False,False,
1716,Parth Electricals & Engineering Limited,PARTH,Producer Manufacturing,Electrical Products,False,False,False,False,False,False,False,False,False,False,PARTH-ST
1717,Neptune Petrochemicals Limited,NEPTUNE,Non-Energy Minerals,Construction Materials,False,False,False,False,False,False,False,False,False,False,NEPTUNE-ST
1718,Prizor Viztech Ltd.,PRIZOR,Distribution Services,Wholesale Distributors,False,False,False,False,False,False,False,False,False,False,PRIZOR-ST
1719,VISA Steel Limited,VISASTEEL,Non-Energy Minerals,Steel,False,False,False,False,False,False,False,False,False,False,
1720,Emami Paper Mills Limited,EMAMIPAP,Process Industries,Pulp & Paper,False,False,False,False,False,False,False,False,False,False,
1721,Pasupati Acrylon Limited,PASUPTAC,Process Industries,Textiles,False,False,False,False,False,False,False,False,False,False,
1722,Tera Software Limited,TERASOFT,Technology Services,Information Technology Services,False,False,False,False,False,False,False,False,False,False,
1723,KRM Ayurveda Ltd.,KRMAYURVED,Health Services,Hospital/Nursing Management,False,False,False,False,False,False,False,False,False,False,KRMAYURVED-SM
1724,Amanta Healthcare Limited,AMANTA,Health Technology,Pharmaceuticals: Major,False,False,False,False,False,False,False,False,False,False,
1725,Giriraj Civil Developers Ltd.,GIRIRAJ,Industrial Services,Engineering & Construction,False,False,False,False,False,False,False,False,False,False,GIRIRAJ-ST
1726,SoftTech Engineers Ltd.,SOFTTECH,Technology Services,Packaged Software,False,False,False,False,False,False,False,False,False,False,
1727,United Drilling Tools Limited,UNIDT,Industrial Services,Oilfield Services/Equipment,False,False,False,False,False,False,False,False,False,False,
1728,Zodiac Energy Ltd.,ZODIAC,Producer Manufacturing,Building Products,False,False,False,False,False,False,False,False,False,False,
1729,Sunlite Recycling Industries Limited,SUNLITE,Non-Energy Minerals,Other Metals/Minerals,False,False,False,False,False,False,False,False,False,False,SUNLITE-SM
1730,Nahar Industrial Enterprises Limited,NAHARINDUS,Process Industries,Textiles,False,False,False,False,False,False,False,False,False,False,
1731,Tolins Tyres Limited,TOLINS,Consumer Durables,Automotive Aftermarket,False,False,False,False,False,False,False,False,False,False,
1732,Proventus Agrocom Ltd.,PROV,Distribution Services,Food Distributors,False,False,False,False,False,False,False,False,False,False,PROV-SM
1733,Dreamfolks Services Limited,DREAMFOLKS,Transportation,Other Transportation,False,False,False,False,False,False,False,False,False,False,
1734,HCL Infosystems Limited,HCL-INSYS,Technology Services,Information Technology Services,False,False,False,False,False,False,False,False,False,False,
1735,Shalimar Paints Ltd,SHALPAINTS,Process Industries,Industrial Specialties,False,False,False,False,False,False,False,False,False,False,
1736,NDL Ventures Ltd,NDLVENTURE,Consumer Services,Cable/Satellite TV,False,False,False,False,False,False,False,False,False,False,
1737,Manomay Tex India Ltd.,MANOMAY,Process Industries,Textiles,False,False,False,False,False,False,False,False,False,False,
1738,McLeod Russel India Limited,MCLEODRUSS,Consumer Non-Durables,Food: Specialty/Candy,False,False,False,False,False,False,False,False,False,False,
1739,Vinyl Chemicals (India) Limited,VINYLINDIA,Distribution Services,Wholesale Distributors,False,False,False,False,False,False,False,False,False,False,
1740,Pakka Ltd,PAKKA,Process Industries,Pulp & Paper,False,False,False,False,False,False,False,False,False,False,
1741,GVK Power & Infrastructure Limited,GVKPIL,Industrial Services,Engineering & Construction,False,False,False,False,False,False,False,False,False,False,GVKPIL-BE
1742,CyberTech Systems & Software Ltd.,CYBERTECH,Technology Services,Information Technology Services,False,False,False,False,False,False,False,False,False,False,
1743,Kothari Products Limited.,KOTHARIPRO,Distribution Services,Wholesale Distributors,False,False,False,False,False,False,False,False,False,False,
1744,Indogulf Cropsciences Limited,IGCL,Process Industries,Chemicals: Agricultural,False,False,False,False,False,False,False,False,False,False,
1745,Systango Technologies Limited,SYSTANGO,Technology Services,Packaged Software,False,False,False,False,False,False,False,False,False,False,SYSTANGO-SM
1746,Techdefence Labs Solutions Limited,TECHD,Technology Services,Packaged Software,False,False,False,False,False,False,False,False,False,False,TECHD-SM
1747,Mangalam Global Enterprise Ltd.,MGEL,Process Industries,Agricultural Commodities/Milling,False,False,False,False,False,False,False,False,False,False,
1748,Vraj Iron & Steel Ltd.,VRAJ,Non-Energy Minerals,Steel,False,False,False,False,False,False,False,False,False,False,
1749,Sinclairs Hotels Limited,SINCLAIR,Consumer Services,Hotels/Resorts/Cruise lines,False,False,False,False,False,False,False,False,False,False,
1750,Kaya Limited,KAYA,Consumer Non-Durables,Household/Personal Care,False,False,False,False,False,False,False,False,False,False,
1751,Nahar Capital & Financial Services Ltd.,NAHARCAP,Finance,Investment Managers,False,False,False,False,False,False,False,False,False,False,
1752,S&S Power Switchgear Ltd.,S&SPOWER,Producer Manufacturing,Electrical Products,False,False,False,False,False,False,False,False,False,False,S&SPOWER-BE
1753,DiGiSPICE Technologies Ltd.,DIGISPICE,Technology Services,Packaged Software,False,False,False,False,False,False,False,False,False,False,
1754,MBL Infrastructure Limited,MBLINFRA,Industrial Services,Engineering & Construction,False,False,False,False,False,False,False,False,False,False,
1755,All E Technologies Limited,ALLETEC,Technology Services,Information Technology Services,False,False,False,False,False,False,False,False,False,False,ALLETEC-SM
1756,Encompass Design India Limited,ENCOMPAS,Consumer Durables,Home Furnishings,False,False,False,False,False,False,False,False,False,False,ENCOMPAS-SM
1757,Orient Bell Limited,ORIENTBELL,Producer Manufacturing,Building Products,False,False,False,False,False,False,False,False,False,False,
1758,Gokul Refoils & Solvent Ltd.,GOKUL,Process Industries,Agricultural Commodities/Milling,False,False,False,False,False,False,False,False,False,False,
1759,Orient Paper & Industries Ltd.,ORIENTPPR,Process Industries,Pulp & Paper,False,False,False,False,False,False,False,False,False,False,
1760,XTGlobal Infotech Ltd.,XTGLOBAL,Technology Services,Information Technology Services,False,False,False,False,False,False,False,False,False,False,
1761,Chembond Chemicals Limited,CHEMBONDCH,Process Industries,Chemicals: Major Diversified,False,False,False,False,False,False,False,False,False,False,
1762,Kotyark Industries Ltd.,KOTYARK,Process Industries,Industrial Specialties,False,False,False,False,False,False,False,False,False,False,
1763,De Nora India Limited,DENORA,Electronic Technology,Electronic Equipment/Instruments,False,False,False,False,False,False,False,False,False,False,
1764,SRG Housing Finance Ltd.,SRGHFL,Finance,Finance/Rental/Leasing,False,False,False,False,False,False,False,False,False,False,
1765,Mazda Limited,MAZDA,Producer Manufacturing,Industrial Machinery,False,False,False,False,False,False,False,False,False,False,
1766,Euro Panel Products Limited,EUROBOND,Non-Energy Minerals,Aluminum,False,False,False,False,False,False,False,False,False,False,
1767,Albert David Ltd,ALBERTDAVD,Health Technology,Pharmaceuticals: Major,False,False,False,False,False,False,False,False,False,False,
1768,RBM Infracon Limited,RBMINFRA,Industrial Services,Engineering & Construction,False,False,False,False,False,False,False,False,False,False,RBMINFRA-SM
1769,Akme Fintrade (India) Limited,AFIL,Technology Services,Internet Software/Services,False,False,False,False,False,False,False,False,False,False,AFIL-BE
1770,Manaksia Steels Ltd,MANAKSTEEL,Non-Energy Minerals,Steel,False,False,False,False,False,False,False,False,False,False,
1771,Haleos Labs Ltd.,HALEOSLABS,Health Technology,Biotechnology,False,False,False,False,False,False,False,False,False,False,
1772,Nandan Denim Limited,NDL,Process Industries,Textiles,False,False,False,False,False,False,False,False,False,False,
1773,Bella Casa Fashion & Retail Ltd.,BELLACASA,Consumer Durables,Home Furnishings,False,False,False,False,False,False,False,False,False,False,
1774,Mawana Sugars Limited,MAWANASUG,Consumer Non-Durables,Food: Specialty/Candy,False,False,False,False,False,False,False,False,False,False,
1775,Twamev Construction And Infrastructure Limited,TICL,Industrial Services,Engineering & Construction,False,False,False,False,False,False,False,False,False,False,
1776,B&B Triplewall Containers Ltd.,BBTCL,Process Industries,Containers/Packaging,False,False,False,False,False,False,False,False,False,False,
1777,Birla Cable Limited,BIRLACABLE,Producer Manufacturing,Electrical Products,False,False,False,False,False,False,False,False,False,False,
1778,Vishnusurya Projects & Infra Limited,VISHNUINFR,Non-Energy Minerals,Construction Materials,False,False,False,False,False,False,False,False,False,False,VISHNUINFR-SM
1779,Bedmutha Industries Limited,BEDMUTHA,Non-Energy Minerals,Steel,False,False,False,False,False,False,False,False,False,False,BEDMUTHA-BE
1780,Thomas Scott (India) Limited,THOMASCOTT,Consumer Non-Durables,Apparel/Footwear,False,False,False,False,False,False,False,False,False,False,
1781,Mangalam Organics Ltd,MANORG,Process Industries,Chemicals: Specialty,False,False,False,False,False,False,False,False,False,False,
1782,Atmastco Limited,ATMASTCO,Producer Manufacturing,Metal Fabrication,False,False,False,False,False,False,False,False,False,False,ATMASTCO-SM
1783,Mangal Credit & Fincorp Ltd.,MANCREDIT,Finance,Finance/Rental/Leasing,False,False,False,False,False,False,False,False,False,False,
1784,RPP Infra Projects Ltd.,RPPINFRA,Industrial Services,Engineering & Construction,False,False,False,False,False,False,False,False,False,False,
1785,Banswara Syntex Ltd,BANSWRAS,Process Industries,Textiles,False,False,False,False,False,False,False,False,False,False,
1786,Plastiblends India Limited,PLASTIBLEN,Process Industries,Chemicals: Major Diversified,False,False,False,False,False,False,False,False,False,False,
1787,Divine Hira Jewellers Limited,DIVINEHIRA,Consumer Durables,Other Consumer Specialties,False,False,False,False,False,False,False,False,False,False,DIVINEHIRA-ST
1788,Manaksia Limited,MANAKSIA,Non-Energy Minerals,Steel,False,False,False,False,False,False,False,False,False,False,
1789,Maxvolt Energy Industries Limited,MAXVOLT,Producer Manufacturing,Electrical Products,False,False,False,False,False,False,False,False,False,False,MAXVOLT-SM
1790,Highway Infrastructure Limited,HILINFRA,Transportation,Other Transportation,False,False,False,False,False,False,False,False,False,False,
1791,Virtual Galaxy Infotech Ltd.,VGINFOTECH,Technology Services,Packaged Software,False,False,False,False,False,False,False,False,False,False,VGINFOTECH-SM
1792,Trejhara Solutions Ltd.,TREJHARA,Technology Services,Information Technology Services,False,False,False,False,False,False,False,False,False,False,
1793,Rubfila International Limited,RUBFILA,Process Industries,Industrial Specialties,False,False,False,False,False,False,False,False,False,False,
1794,Mold-Tek Technologies Limited,MOLDTECH,Industrial Services,Engineering & Construction,False,False,False,False,False,False,False,False,False,False,
1795,Namo eWaste Management Ltd.,NAMOEWASTE,Industrial Services,Environmental Services,False,False,False,False,False,False,False,False,False,False,NAMOEWASTE-SM
1796,Lords Chloro Alkali Limited,LORDSCHLO,Process Industries,Chemicals: Specialty,False,False,False,False,False,False,False,False,False,False,
1797,Avonmore Capital & Management Services Limited,AVONMORE,Finance,Investment Managers,False,False,False,False,False,False,False,False,False,False,
1798,Kesoram Industries Ltd,KESORAMIND,Non-Energy Minerals,Construction Materials,False,False,False,False,False,False,False,False,False,False,
1799,Harrisons Malayalam Ltd,HARRMALAYA,Process Industries,Agricultural Commodities/Milling,False,False,False,False,False,False,False,False,False,False,
1800,Trident Techlabs Limited,TECHLABS,Distribution Services,Electronics Distributors,False,False,False,False,False,False,False,False,False,False,TECHLABS-SM
1801,Essen Speciality Films Limited,ESFL,Producer Manufacturing,Miscellaneous Manufacturing,False,False,False,False,False,False,False,False,False,False,ESFL-SM
1802,Axita Cotton Ltd.,AXITA,Process Industries,Agricultural Commodities/Milling,False,False,False,False,False,False,False,False,False,False,
1803,Nupur Recyclers Limited,NRL,Non-Energy Minerals,Other Metals/Minerals,False,False,False,False,False,False,False,False,False,False,
1804,Zim Laboratories Ltd.,ZIMLAB,Health Technology,Pharmaceuticals: Generic,False,False,False,False,False,False,False,False,False,False,
1805,Dangee Dums Ltd.,DANGEE,Consumer Non-Durables,Food: Specialty/Candy,False,False,False,False,False,False,False,False,False,False,
1806,Sheetal Cool Products Ltd.,SCPL,Consumer Non-Durables,Food: Meat/Fish/Dairy,False,False,False,False,False,False,False,False,False,False,SCPL-BE
1807,E To E Transportation Infrastructure Limited,E2ERAIL,Industrial Services,Engineering & Construction,False,False,False,False,False,False,False,False,False,False,E2ERAIL-SM
1808,HI-Green Carbon Limited,HIGREEN,Industrial Services,Environmental Services,False,False,False,False,False,False,False,False,False,False,HIGREEN-SM
1809,Annapurna Swadisht Limited,ANNAPURNA,Consumer Non-Durables,Food: Specialty/Candy,False,False,False,False,False,False,False,False,False,False,ANNAPURNA-SM
1810,Vertoz Ltd,VERTOZ,Commercial Services,Advertising/Marketing Services,False,False,False,False,False,False,False,False,False,False,
1811,Tracxn Technologies Ltd.,TRACXN,Technology Services,Internet Software/Services,False,False,False,False,False,False,False,False,False,False,
1812,Atlantaa Ltd,ATLANTAA,Industrial Services,Engineering & Construction,False,False,False,False,False,False,False,False,False,False,
1813,IL&FS Engineering & Construction Co. Ltd.,IL&FSENGG,Industrial Services,Engineering & Construction,False,False,False,False,False,False,False,False,False,False,IL&FSENGG-BZ
1814,Varvee Global Limited,VGL,Process Industries,Textiles,False,False,False,False,False,False,False,False,False,False,
1815,Remsons Industries Limited,REMSONSIND,Producer Manufacturing,Auto Parts: OEM,False,False,False,False,False,False,False,False,False,False,
1816,Saakshi Medtech and Panels Limited,SAAKSHI,Producer Manufacturing,Electrical Products,False,False,False,False,False,False,False,False,False,False,SAAKSHI-SM
1817,Markolines Pavement Technologies Limited,MARKOLINES,Industrial Services,Engineering & Construction,False,False,False,False,False,False,False,False,False,False,
1818,Anjani Portland Cement Limited,APCL,Non-Energy Minerals,Construction Materials,False,False,False,False,False,False,False,False,False,False,
1819,Vardhman Polytex Ltd,VARDMNPOLY,Process Industries,Textiles,False,False,False,False,False,False,False,False,False,False,VARDMNPOLY-BE
1820,Infinium Pharmachem Ltd.,INFINIUM,Health Technology,Pharmaceuticals: Major,False,False,False,False,False,False,False,False,False,False,INFINIUM-SM
1821,Cool Caps Industries Limited,COOLCAPS,Producer Manufacturing,Miscellaneous Manufacturing,False,False,False,False,False,False,False,False,False,False,COOLCAPS-SM
1822,Kriti Nutrients Limited,KRITINUT,Process Industries,Agricultural Commodities/Milling,False,False,False,False,False,False,False,False,False,False,
1823,YAAP Digital Ltd.,YAAP,Technology Services,Packaged Software,False,False,False,False,False,False,False,False,False,False,YAAP-SM
1824,Pelatro Limited,PELATRO,Technology Services,Packaged Software,False,False,False,False,False,False,False,False,False,False,PELATRO-SM
1825,Sakuma Exports Limited,SAKUMA,Distribution Services,Food Distributors,False,False,False,False,False,False,False,False,False,False,
1826,Aarti Surfactants Ltd. Pref Registered Shs,AARTISURF.P1,Process Industries,Chemicals: Major Diversified,False,False,False,False,False,False,False,False,False,False,
1827,Aarti Surfactants Ltd.,AARTISURF,Process Industries,Chemicals: Major Diversified,False,False,False,False,False,False,False,False,False,False,
1828,Coastal Corporation Limited,COASTCORP,Transportation,Marine Shipping,False,False,False,False,False,False,False,False,False,False,
1829,Ginni Filaments Limited.,GINNIFILA,Process Industries,Textiles,False,False,False,False,False,False,False,False,False,False,
1830,Ruchira Papers Limited,RUCHIRA,Process Industries,Pulp & Paper,False,False,False,False,False,False,False,False,False,False,
1831,lnspirisys Solutions Limited,INSPIRISYS,Technology Services,Information Technology Services,False,False,False,False,False,False,False,False,False,False,INSPIRISYS-BE
1832,Nila Infrastructures Limited,NILAINFRA,Industrial Services,Engineering & Construction,False,False,False,False,False,False,False,False,False,False,
1833,Muthoot Capital Services Ltd.,MUTHOOTCAP,Finance,Finance/Rental/Leasing,False,False,False,False,False,False,False,False,False,False,
1834,Medicamen Biotech Limited,MEDICAMEQ,Health Technology,Pharmaceuticals: Major,False,False,False,False,False,False,False,False,False,False,
1835,3i Infotech Limited,3IINFOLTD,Technology Services,Information Technology Services,False,False,False,False,False,False,False,False,False,False,
1836,HP Adhesives Ltd.,HPAL,Non-Energy Minerals,Construction Materials,False,False,False,False,False,False,False,False,False,False,
1837,Medico Remedies Ltd.,MEDICO,Health Technology,Pharmaceuticals: Major,False,False,False,False,False,False,False,False,False,False,
1838,Valiant Laboratories Ltd.,VALIANTLAB,Health Technology,Pharmaceuticals: Major,False,False,False,False,False,False,False,False,False,False,
1839,Dev Accelerator Limited,DEVX,Finance,Real Estate Development,False,False,False,False,False,False,False,False,False,False,
1840,Soma Textiles & Industries Ltd,SOMATEX,Process Industries,Textiles,False,False,False,False,False,False,False,False,False,False,SOMATEX-BE
1841,Ganesh Infraworld Ltd.,GANESHIN,Industrial Services,Engineering & Construction,False,False,False,False,False,False,False,False,False,False,GANESHIN-SM
1842,Transteel Seating Technologies Limited,TRANSTEEL,Producer Manufacturing,Office Equipment/Supplies,False,False,False,False,False,False,False,False,False,False,TRANSTEEL-SM
1843,Setco Automotive Limited,SETCO,Producer Manufacturing,Auto Parts: OEM,False,False,False,False,False,False,False,False,False,False,SETCO-BE
1844,Infollion Research Services Limited,INFOLLION,Commercial Services,Commercial Printing/Forms,False,False,False,False,False,False,False,False,False,False,INFOLLION-SM
1845,HP Telecom India Limited,HPTL,Distribution Services,Wholesale Distributors,False,False,False,False,False,False,False,False,False,False,HPTL-SM
1846,Phantom Digital Effects Ltd.,PHANTOMFX,Consumer Services,Movies/Entertainment,False,False,False,False,False,False,False,False,False,False,PHANTOMFX-SM
1847,Felix Industries Ltd,FELIX,Industrial Services,Environmental Services,False,False,False,False,False,False,False,False,False,False,FELIX-SM
1848,Chavda Infra Limited,CHAVDA,Consumer Durables,Homebuilding,False,False,False,False,False,False,False,False,False,False,CHAVDA-SM
1849,Brandman Retail Limited,BRANDMAN,Retail Trade,Apparel/Footwear Retail,False,False,False,False,False,False,False,False,False,False,BRANDMAN-SM
1850,MOS Utility Ltd.,MOS,Technology Services,Internet Software/Services,False,False,False,False,False,False,False,False,False,False,MOS-SM
1851,Industrial Investment Trust Limited,IITL,Finance,Financial Conglomerates,False,False,False,False,False,False,False,False,False,False,
1852,Exxaro Tiles Ltd.,EXXARO,Producer Manufacturing,Building Products,False,False,False,False,False,False,False,False,False,False,
1853,Techera Engineering India Ltd.,TECHERA,Producer Manufacturing,Metal Fabrication,False,False,False,False,False,False,False,False,False,False,TECHERA-SM
1854,Patil Automation Ltd.,PATILAUTOM,Producer Manufacturing,Auto Parts: OEM,False,False,False,False,False,False,False,False,False,False,PATILAUTOM-SM
1855,Transworld Shipping Lines Ltd,TRANSWORLD,Transportation,Marine Shipping,False,False,False,False,False,False,False,False,False,False,
1856,Mahindra EPC Irrigation Limited,MAHEPC,Producer Manufacturing,Trucks/Construction/Farm Machinery,False,False,False,False,False,False,False,False,False,False,
1857,Kanoria Chemicals & Industries Ltd,KANORICHEM,Process Industries,Chemicals: Specialty,False,False,False,False,False,False,False,False,False,False,
1858,Aaron Industries Ltd.,AARON,Producer Manufacturing,Building Products,False,False,False,False,False,False,False,False,False,False,
1859,Pushpa Jewellers Limited,PUSHPA,Consumer Durables,Other Consumer Specialties,False,False,False,False,False,False,False,False,False,False,PUSHPA-SM
1860,Megastar Foods Ltd.,MEGASTAR,Process Industries,Agricultural Commodities/Milling,False,False,False,False,False,False,False,False,False,False,
1861,Suba Hotels Limited,SUBAHOTELS,Consumer Services,Hotels/Resorts/Cruise lines,False,False,False,False,False,False,False,False,False,False,SUBAHOTELS-SM
1862,Deepak Builders & Engineers India Limited,DBEIL,Industrial Services,Engineering & Construction,False,False,False,False,False,False,False,False,False,False,
1863,A2Z Infra Engineering Limited,A2ZINFRA,Industrial Services,Engineering & Construction,False,False,False,False,False,False,False,False,False,False,A2ZINFRA-BE
1864,Halder Venture Ltd.,HALDER,Distribution Services,Food Distributors,False,False,False,False,False,False,False,False,False,False,
1865,Rossell India Limited,ROSSELLIND,Electronic Technology,Aerospace & Defense,False,False,False,False,False,False,False,False,False,False,
1866,Sawaliya Food Products Limited,SAWALIYA,Consumer Non-Durables,Food: Specialty/Candy,False,False,False,False,False,False,False,False,False,False,SAWALIYA-SM
1867,Atal Realtech Limited,ATALREAL,Consumer Durables,Homebuilding,False,False,False,False,False,False,False,False,False,False,
1868,Genus Paper & Boards Ltd,GENUSPAPER,Process Industries,Pulp & Paper,False,False,False,False,False,False,False,False,False,False,
1869,Modi Rubber Limited,MODIRUBBER,Consumer Durables,Automotive Aftermarket,False,False,False,False,False,False,False,False,False,False,
1870,Goa Carbon Limited,GOACARBON,Process Industries,Industrial Specialties,False,False,False,False,False,False,False,False,False,False,
1871,Brand Concepts Ltd.,BCONCEPTS,Consumer Durables,Home Furnishings,False,False,False,False,False,False,False,False,False,False,
1872,Cineline India Limited,CINELINE,Consumer Services,Movies/Entertainment,False,False,False,False,False,False,False,False,False,False,
1873,Tiger Logistics (India) Ltd.,TIGERLOGS,Transportation,Air Freight/Couriers,False,False,False,False,False,False,False,False,False,False,
1874,Robust Hotels Ltd.,RHL,Consumer Services,Hotels/Resorts/Cruise lines,False,False,False,False,False,False,False,False,False,False,
1875,Purple United Sales Ltd.,PURPLEUTED,Consumer Non-Durables,Apparel/Footwear,False,False,False,False,False,False,False,False,False,False,PURPLEUTED-SM
1876,Vikas Lifecare Limited,VIKASLIFE,Distribution Services,Wholesale Distributors,False,False,False,False,False,False,False,False,False,False,
1877,Shree Karni Fabcom Limited,SHREEKARNI,Process Industries,Textiles,False,False,False,False,False,False,False,False,False,False,SHREEKARNI-SM
1878,Committed Cargo Care Limited,COMMITTED,Transportation,Trucking,False,False,False,False,False,False,False,False,False,False,COMMITTED-SM
1879,Shera Energy Limited,SHERA,Producer Manufacturing,Electrical Products,False,False,False,False,False,False,False,False,False,False,SHERA-SM
1880,Autoline Industries Limited,AUTOIND,Producer Manufacturing,Auto Parts: OEM,False,False,False,False,False,False,False,False,False,False,
1881,FCS Software Solutions Limited,FCSSOFT,Commercial Services,Miscellaneous Commercial Services,False,False,False,False,False,False,False,False,False,False,
1882,Shankara Building Products Ltd.,SHANKARA,Retail Trade,Home Improvement Chains,False,False,False,False,False,False,False,False,False,False,SHANKARA-BE
1883,Savy Infra and Logistics Limited,SAVY,Industrial Services,Engineering & Construction,False,False,False,False,False,False,False,False,False,False,SAVY-SM
1884,E Factor Experiences Ltd.,EFACTOR,Commercial Services,Miscellaneous Commercial Services,False,False,False,False,False,False,False,False,False,False,EFACTOR-SM
1885,Arihant Academy Ltd.,ARIHANTACA,Commercial Services,Miscellaneous Commercial Services,False,False,False,False,False,False,False,False,False,False,ARIHANTACA-SM
1886,Yash Optics and Lens Limited,YASHOPTICS,Health Technology,Medical Specialties,False,False,False,False,False,False,False,False,False,False,YASHOPTICS-SM
1887,Asian Hotels (East) Limited,AHLEAST,Consumer Services,Hotels/Resorts/Cruise lines,False,False,False,False,False,False,False,False,False,False,
1888,Bafna Pharmaceuticals Limited,BAFNAPH,Health Technology,Pharmaceuticals: Major,False,False,False,False,False,False,False,False,False,False,
1889,DJ Mediaprint & Logistics Ltd,DJML,Commercial Services,Commercial Printing/Forms,False,False,False,False,False,False,False,False,False,False,DJML-BE
1890,Dynemic Products Limited,DYNPRO,Consumer Non-Durables,Food: Specialty/Candy,False,False,False,False,False,False,False,False,False,False,
1891,PPAP Automotive Limited,PPAP,Producer Manufacturing,Auto Parts: OEM,False,False,False,False,False,False,False,False,False,False,
1892,Shankar Lal Rampal Dye-Chem Ltd.,SRD,Distribution Services,Wholesale Distributors,False,False,False,False,False,False,False,False,False,False,
1893,Sheetal Universal Ltd.,SHEETAL,Consumer Non-Durables,Food: Specialty/Candy,False,False,False,False,False,False,False,False,False,False,SHEETAL-ST
1894,Sahaj Solar Limited,SAHAJSOLAR,Electronic Technology,Semiconductors,False,False,False,False,False,False,False,False,False,False,SAHAJSOLAR-SM
1895,Shradha Realty Ltd,SHRADHA,Industrial Services,Engineering & Construction,False,False,False,False,False,False,False,False,False,False,
1896,TRF Limited.,TRF,Producer Manufacturing,Trucks/Construction/Farm Machinery,False,False,False,False,False,False,False,False,False,False,
1897,Sat Kartar Life Limited,SATKARTAR,Health Technology,Pharmaceuticals: Other,False,False,False,False,False,False,False,False,False,False,SATKARTAR-SM
1898,Jay Bee Laminations Limited,JAYBEE,Non-Energy Minerals,Steel,False,False,False,False,False,False,False,False,False,False,JAYBEE-SM
1899,KCP Sugar & Industries Corp. Ltd.,KCPSUGIND,Process Industries,Agricultural Commodities/Milling,False,False,False,False,False,False,False,False,False,False,
1900,CL Educate Ltd.,CLEDUCATE,Commercial Services,Miscellaneous Commercial Services,False,False,False,False,False,False,False,False,False,False,CLEDUCATE-BE
1901,Nath Bio-Genes (India) Ltd.,NATHBIOGEN,Process Industries,Agricultural Commodities/Milling,False,False,False,False,False,False,False,False,False,False,
1902,Ashima Limited,ASHIMASYN,Process Industries,Textiles,False,False,False,False,False,False,False,False,False,False,
1903,Shreeji Global FMCG Limited,SHETHJI,Consumer Non-Durables,Food: Major Diversified,False,False,False,False,False,False,False,False,False,False,SHETHJI-SM
1904,Vardhman Acrylics Ltd.,VARDHACRLC,Consumer Non-Durables,Apparel/Footwear,False,False,False,False,False,False,False,False,False,False,
1905,Emami Realty Limited,EMAMIREAL,Finance,Real Estate Development,False,False,False,False,False,False,False,False,False,False,
1906,Parsvnath Developers Limited,PARSVNATH,Finance,Real Estate Development,False,False,False,False,False,False,False,False,False,False,
1907,Spencer's Retail Ltd.,SPENCERS,Retail Trade,Food Retail,False,False,False,False,False,False,False,False,False,False,
1908,Exim Routes Limited,EXIMROUTES,Distribution Services,Wholesale Distributors,False,False,False,False,False,False,False,False,False,False,EXIMROUTES-ST
1909,Ascom Leasing & Investments Ltd.,ASCOM,Finance,Finance/Rental/Leasing,False,False,False,False,False,False,False,False,False,False,ASCOM-ST
1910,Nova Agritech Limited,NOVAAGRI,Process Industries,Chemicals: Agricultural,False,False,False,False,False,False,False,False,False,False,
1911,Gayatri Projects Limited,GAYAPROJ,Industrial Services,Engineering & Construction,False,False,False,False,False,False,False,False,False,False,GAYAPROJ-BE
1912,Apollo Sindoori Hotels Ltd.,APOLSINHOT,Consumer Services,Hotels/Resorts/Cruise lines,False,False,False,False,False,False,False,False,False,False,
1913,Nikita Greentech Recycling Limited,NIKITA,Process Industries,Pulp & Paper,False,False,False,False,False,False,False,False,False,False,NIKITA-SM
1914,Asahi Songwon Colors Ltd.,ASAHISONG,Process Industries,Chemicals: Specialty,False,False,False,False,False,False,False,False,False,False,
1915,Dynamic Services & Security Limited,DYNAMIC,Commercial Services,Miscellaneous Commercial Services,False,False,False,False,False,False,False,False,False,False,DYNAMIC-SM
1916,Frog Innovations Limited,FROG,Electronic Technology,Telecommunications Equipment,False,False,False,False,False,False,False,False,False,False,FROG-SM
1917,Om Freight Forwarders Limited,OMFREIGHT,Transportation,Air Freight/Couriers,False,False,False,False,False,False,False,False,False,False,
1918,Mason Infratech Limited,MASON,Industrial Services,Engineering & Construction,False,False,False,False,False,False,False,False,False,False,MASON-SM
1919,C K K Retail Mart Limited,CKKRETAIL,Distribution Services,Food Distributors,False,False,False,False,False,False,False,False,False,False,CKKRETAIL-ST
1920,Sahyadri Industries Limited.,SAHYADRI,Non-Energy Minerals,Construction Materials,False,False,False,False,False,False,False,False,False,False,
1921,Shemaroo Entertainment Ltd.,SHEMAROO,Consumer Services,Movies/Entertainment,False,False,False,False,False,False,False,False,False,False,
1922,Avp Infracon Ltd.,AVPINFRA,Industrial Services,Engineering & Construction,False,False,False,False,False,False,False,False,False,False,AVPINFRA-SM
1923,Vikas EcoTech Limited,VIKASECO,Process Industries,Chemicals: Major Diversified,False,False,False,False,False,False,False,False,False,False,
1924,Avio Smart Market Stack Limited,ASMS,Electronic Technology,Semiconductors,False,False,False,False,False,False,False,False,False,False,
1925,Spunweb Nonwoven Limited,SPUNWEB,Process Industries,Textiles,False,False,False,False,False,False,False,False,False,False,SPUNWEB-SM
1926,U. Y. Fincorp Limited,UYFINCORP,Finance,Finance/Rental/Leasing,False,False,False,False,False,False,False,False,False,False,
1927,Iware Supplychain Services Limited,IWARE,Transportation,Other Transportation,False,False,False,False,False,False,False,False,False,False,IWARE-ST
1928,UFO Moviez India Ltd.,UFO,Consumer Services,Movies/Entertainment,False,False,False,False,False,False,False,False,False,False,
1929,Tankup Engineers Limited,TANKUP,Producer Manufacturing,Industrial Machinery,False,False,False,False,False,False,False,False,False,False,TANKUP-SM
1930,Reliance Communications Limited,RCOM,Communications,Major Telecommunications,False,False,False,False,False,False,False,False,False,False,RCOM-BE
1931,United Nilgiri Tea Estates Co. Ltd.,UNITEDTEA,Consumer Non-Durables,Food: Specialty/Candy,False,False,False,False,False,False,False,False,False,False,
1932,Clear Secured Services Ltd.,CSSL,Commercial Services,Miscellaneous Commercial Services,False,False,False,False,False,False,False,False,False,False,CSSL-SM
1933,Wise Travel India Limited,WTICAB,Finance,Finance/Rental/Leasing,False,False,False,False,False,False,False,False,False,False,WTICAB-SM
1934,Delphi World Money Limited,DELPHIFX,Commercial Services,Miscellaneous Commercial Services,False,False,False,False,False,False,False,False,False,False,
1935,Nagarjuna Fertilizers & Chemicals Ltd.,NAGAFERT,Process Industries,Chemicals: Agricultural,False,False,False,False,False,False,False,False,False,False,
1936,Globe Civil Projects Ltd.,GLOBECIVIL,Industrial Services,Engineering & Construction,False,False,False,False,False,False,False,False,False,False,
1937,Voler Car Limited,VOLERCAR,Transportation,Other Transportation,False,False,False,False,False,False,False,False,False,False,VOLERCAR-SM
1938,Interiors & More Ltd.,INM,Producer Manufacturing,Industrial Conglomerates,False,False,False,False,False,False,False,False,False,False,INM-SM
1939,Dudigital Global Limited.,DUGLOBAL,Commercial Services,Miscellaneous Commercial Services,False,False,False,False,False,False,False,False,False,False,DUGLOBAL-SM
1940,Ravinder Heights Ltd,RVHL,Consumer Durables,Homebuilding,False,False,False,False,False,False,False,False,False,False,
1941,Pavna Industries Limited,PAVNAIND,Producer Manufacturing,Auto Parts: OEM,False,False,False,False,False,False,False,False,False,False,
1942,Surana Telecom & Power Ltd.,SURANAT&P,Distribution Services,Wholesale Distributors,False,False,False,False,False,False,False,False,False,False,
1943,SKP Bearing Industries Ltd.,SKP,Producer Manufacturing,Metal Fabrication,False,False,False,False,False,False,False,False,False,False,SKP-SM
1944,Balaji Phosphates Ltd.,BALAJIPHOS,Process Industries,Chemicals: Agricultural,False,False,False,False,False,False,False,False,False,False,BALAJIPHOS-SM
1945,GSM Foils Ltd,GSMFOILS,Non-Energy Minerals,Aluminum,False,False,False,False,False,False,False,False,False,False,GSMFOILS-SM
1946,Poddar Pigments Limited,PODDARMENT,Process Industries,Industrial Specialties,False,False,False,False,False,False,False,False,False,False,
1947,Hitech Corporation Ltd,HITECHCORP,Producer Manufacturing,Miscellaneous Manufacturing,False,False,False,False,False,False,False,False,False,False,
1948,Shree Tirupati Balajee Agro Trading Company Limited,BALAJEE,Process Industries,Containers/Packaging,False,False,False,False,False,False,False,False,False,False,
1949,Chaman Metallics Ltd.,CMNL,Non-Energy Minerals,Steel,False,False,False,False,False,False,False,False,False,False,CMNL-SM
1950,Naga Dhunseri Group Ltd,NDGL,Finance,Finance/Rental/Leasing,False,False,False,False,False,False,False,False,False,False,
1951,Starteck Finance Ltd.,STARTECK,Finance,Finance/Rental/Leasing,False,False,False,False,False,False,False,False,False,False,
1952,Intense Technologies Limited,INTENTECH,Technology Services,Information Technology Services,False,False,False,False,False,False,False,False,False,False,
1953,Generic Engineering Construction & Projects Ltd.,GENCON,Industrial Services,Engineering & Construction,False,False,False,False,False,False,False,False,False,False,
1954,Nureca Ltd.,NURECA,Health Technology,Medical Specialties,False,False,False,False,False,False,False,False,False,False,
1955,Race Eco Chain Ltd.,RACE,Process Industries,Textiles,False,False,False,False,False,False,False,False,False,False,
1956,Geekay Wires Ltd.,GEEKAYWIRE,Non-Energy Minerals,Steel,False,False,False,False,False,False,False,False,False,False,
1957,Team India Guaranty Ltd,TEAMGTY,Finance,Financial Conglomerates,False,False,False,False,False,False,False,False,False,False,
1958,Global Vectra Helicorp Limited,GLOBALVECT,Industrial Services,Oilfield Services/Equipment,False,False,False,False,False,False,False,False,False,False,
1959,Alankit Limited,ALANKIT,Technology Services,Internet Software/Services,False,False,False,False,False,False,False,False,False,False,
1960,Almondz Global Securities Limited,ALMONDZ,Finance,Investment Banks/Brokers,False,False,False,False,False,False,False,False,False,False,
1961,K.M. Sugar Mills Ltd.,KMSUGAR,Process Industries,Agricultural Commodities/Milling,False,False,False,False,False,False,False,False,False,False,
1962,Silgo Retail Ltd,SILGO,Consumer Durables,Other Consumer Specialties,False,False,False,False,False,False,False,False,False,False,
1963,Nectar Lifesciences Ltd.,NECLIFE,Health Technology,Pharmaceuticals: Major,False,False,False,False,False,False,False,False,False,False,
1964,Saraswati Saree Depot Limited,SSDL,Distribution Services,Wholesale Distributors,False,False,False,False,False,False,False,False,False,False,
1965,Shivam Autotech Limited,SHIVAMAUTO,Producer Manufacturing,Auto Parts: OEM,False,False,False,False,False,False,False,False,False,False,
1966,Krishca Strapping Solutions Ltd.,KRISHCA,Producer Manufacturing,Metal Fabrication,False,False,False,False,False,False,False,False,False,False,KRISHCA-SM
1967,Ecoline Exim Limited,ECOLINE,Consumer Durables,Home Furnishings,False,False,False,False,False,False,False,False,False,False,ECOLINE-SM
1968,Ponni Sugars (Erode) Ltd.,PONNIERODE,Process Industries,Agricultural Commodities/Milling,False,False,False,False,False,False,False,False,False,False,
1969,Current Infraprojects Limited,CURRENT,Industrial Services,Engineering & Construction,False,False,False,False,False,False,False,False,False,False,CURRENT-SM
1970,Univastu India Ltd.,UNIVASTU,Industrial Services,Engineering & Construction,False,False,False,False,False,False,False,False,False,False,
1971,DP Wires Ltd.,DPWIRES,Producer Manufacturing,Metal Fabrication,False,False,False,False,False,False,False,False,False,False,
1972,Indo National Limited,NIPPOBATRY,Producer Manufacturing,Electrical Products,False,False,False,False,False,False,False,False,False,False,
1973,Anlon Technology Solutions Limited,ANLON,Distribution Services,Wholesale Distributors,False,False,False,False,False,False,False,False,False,False,ANLON-SM
1974,Grand Continent Hotels Ltd.,GCHOTELS,Consumer Services,Hotels/Resorts/Cruise lines,False,False,False,False,False,False,False,False,False,False,GCHOTELS-SM
1975,Jay Shree Tea & Industries Ltd.,JAYSREETEA,Process Industries,Agricultural Commodities/Milling,False,False,False,False,False,False,False,False,False,False,
1976,DRC Systems India Limited,DRCSYSTEMS,Technology Services,Packaged Software,False,False,False,False,False,False,False,False,False,False,
1977,Pratham EPC Projects Ltd.,PRATHAM,Industrial Services,Oilfield Services/Equipment,False,False,False,False,False,False,False,False,False,False,PRATHAM-SM
1978,BPL Limited,BPL,Electronic Technology,Telecommunications Equipment,False,False,False,False,False,False,False,False,False,False,
1979,HVAX Technologies Ltd.,HVAX,Producer Manufacturing,Building Products,False,False,False,False,False,False,False,False,False,False,HVAX-SM
1980,Peria Karamalai Tea & Produce Co. Ltd.,PKTEA,Process Industries,Agricultural Commodities/Milling,False,False,False,False,False,False,False,False,False,False,
1981,AVG Logistics Ltd.,AVG,Transportation,Air Freight/Couriers,False,False,False,False,False,False,False,False,False,False,
1982,Diamines & Chemicals Ltd.,DIAMINESQ,Process Industries,Chemicals: Major Diversified,False,False,False,False,False,False,False,False,False,False,
1983,B.A.G. Convergence Ltd.,BAGDIGITAL,Consumer Services,Broadcasting,False,False,False,False,False,False,False,False,False,False,BAGDIGITAL-SM
1984,Lotus Eye Hospital And Institute Ltd,LOTUSEYE,Health Services,Medical/Nursing Services,False,False,False,False,False,False,False,False,False,False,
1985,T T Limited,TTL,Process Industries,Textiles,False,False,False,False,False,False,False,False,False,False,TTL-BE
1986,Madhusudan Masala Limited,MADHUSUDAN,Consumer Non-Durables,Food: Major Diversified,False,False,False,False,False,False,False,False,False,False,MADHUSUDAN-SM
1987,Sumit Woods Ltd.,SUMIT,Finance,Real Estate Development,False,False,False,False,False,False,False,False,False,False,
1988,IL&FS Investment Managers Ltd.,IVC,Finance,Investment Banks/Brokers,False,False,False,False,False,False,False,False,False,False,
1989,Omax Autos Limited,OMAXAUTO,Producer Manufacturing,Auto Parts: OEM,False,False,False,False,False,False,False,False,False,False,
1990,Music Broadcast Ltd.,RADIOCITY,Consumer Services,Broadcasting,False,False,False,False,False,False,False,False,False,False,
1991,Owais Metal & Mineral Processing Ltd.,OWAIS,Process Industries,Chemicals: Specialty,False,False,False,False,False,False,False,False,False,False,OWAIS-SM
1992,Akiko Global Services Ltd.,AKIKO,Finance,Finance/Rental/Leasing,False,False,False,False,False,False,False,False,False,False,AKIKO-ST
1993,Vaidya Sane Ayurved Laboratories Limited,MADHAVBAUG,Health Services,Medical/Nursing Services,False,False,False,False,False,False,False,False,False,False,MADHAVBAUG-SM
1994,Global Surfaces Limited,GSLSU,Non-Energy Minerals,Construction Materials,False,False,False,False,False,False,False,False,False,False,
1995,VIP Clothing Limited,VIPCLOTHNG,Consumer Non-Durables,Apparel/Footwear,False,False,False,False,False,False,False,False,False,False,
1996,Sintercom India Ltd.,SINTERCOM,Producer Manufacturing,Auto Parts: OEM,False,False,False,False,False,False,False,False,False,False,
1997,Nitiraj Engineers Ltd.,NITIRAJ,Electronic Technology,Electronic Equipment/Instruments,False,False,False,False,False,False,False,False,False,False,
1998,Kataria Industries Limited,KATARIA,Producer Manufacturing,Electrical Products,False,False,False,False,False,False,False,False,False,False,KATARIA-SM
1999,Sundaram Brake Linings Limited,SUNDRMBRAK,Producer Manufacturing,Auto Parts: OEM,False,False,False,False,False,False,False,False,False,False,
2000,Goyal Salt Limited,GOYALSALT,Consumer Non-Durables,Food: Specialty/Candy,False,False,False,False,False,False,False,False,False,False,GOYALSALT-SM
2001,Vibhor Steel Tubes Ltd.,VSTL,Non-Energy Minerals,Steel,False,False,False,False,False,False,False,False,False,False,
2002,Sikko Industries Ltd.,SIKKO,Process Industries,Chemicals: Agricultural,False,False,False,False,False,False,False,False,False,False,
2003,Gayatri Rubbers & Chemicals Ltd.,GRCL,Producer Manufacturing,Miscellaneous Manufacturing,False,False,False,False,False,False,False,False,False,False,GRCL-SM
2004,Pritika Auto Industries Ltd,PRITIKAUTO,Producer Manufacturing,Auto Parts: OEM,False,False,False,False,False,False,False,False,False,False,
2005,Shivashrit Foods Limited,SHIVASHRIT,Consumer Non-Durables,Food: Specialty/Candy,False,False,False,False,False,False,False,False,False,False,SHIVASHRIT-SM
2006,Kalyani Forge Limited,KALYANIFRG,Producer Manufacturing,Auto Parts: OEM,False,False,False,False,False,False,False,False,False,False,
2007,Oil Country Tubular Limited,OILCOUNTUB,Industrial Services,Oilfield Services/Equipment,False,False,False,False,False,False,False,False,False,False,
2008,C P S Shapers Ltd.,CPS,Consumer Non-Durables,Apparel/Footwear,False,False,False,False,False,False,False,False,False,False,CPS-SM
2009,UCAL Limited,UCAL,Producer Manufacturing,Auto Parts: OEM,False,False,False,False,False,False,False,False,False,False,
2010,DCM Nouvelle Ltd.,DCMNVL,Process Industries,Textiles,False,False,False,False,False,False,False,False,False,False,
2011,Supreme Holdings & Hospitality (India) Limited,SUPREME,Finance,Real Estate Development,False,False,False,False,False,False,False,False,False,False,
2012,Sonam Ltd,SONAMLTD,Consumer Durables,Other Consumer Specialties,False,False,False,False,False,False,False,False,False,False,
2013,Indo US Bio-Tech Ltd.,INDOUS,Process Industries,Agricultural Commodities/Milling,False,False,False,False,False,False,False,False,False,False,
2014,Macobs Technologies Ltd.,MACOBSTECH,Retail Trade,Electronics/Appliance Stores,False,False,False,False,False,False,False,False,False,False,MACOBSTECH-SM
2015,Thaai Casting Limited,TCL,Producer Manufacturing,Auto Parts: OEM,False,False,False,False,False,False,False,False,False,False,TCL-SM
2016,Shreyans Industries Limited,SHREYANIND,Process Industries,Pulp & Paper,False,False,False,False,False,False,False,False,False,False,
2017,Vms Tmt Limited,VMSTMT,Non-Energy Minerals,Steel,False,False,False,False,False,False,False,False,False,False,
2018,AION-TECH Solutions Limited,GOLDTECH,Technology Services,Information Technology Services,False,False,False,False,False,False,False,False,False,False,
2019,Jinkushal Industries Limited,JKIPL,Distribution Services,Wholesale Distributors,False,False,False,False,False,False,False,False,False,False,
2020,Star Paper Mills Ltd.,STARPAPER,Process Industries,Pulp & Paper,False,False,False,False,False,False,False,False,False,False,
2021,Brooks Laboratories Limited,BROOKS,Health Technology,Pharmaceuticals: Major,False,False,False,False,False,False,False,False,False,False,
2022,Cords Cable Industries Limited,CORDSCABLE,Producer Manufacturing,Electrical Products,False,False,False,False,False,False,False,False,False,False,
2023,Elgi Rubber Company Limited,ELGIRUBCO,Producer Manufacturing,Miscellaneous Manufacturing,False,False,False,False,False,False,False,False,False,False,
2024,Lyka Labs Limited,LYKALABS,Health Technology,Pharmaceuticals: Other,False,False,False,False,False,False,False,False,False,False,
2025,Taurian MPS Limited,TAURIAN,Producer Manufacturing,Trucks/Construction/Farm Machinery,False,False,False,False,False,False,False,False,False,False,TAURIAN-SM
2026,Ashwini Container Movers Limited,ASHWINI,Transportation,Trucking,False,False,False,False,False,False,False,False,False,False,ASHWINI-SM
2027,Worth Peripherals Ltd.,WORTHPERI,Process Industries,Containers/Packaging,False,False,False,False,False,False,False,False,False,False,
2028,Aeroflex Neu Limited,AERONEU,Process Industries,Containers/Packaging,False,False,False,False,False,False,False,False,False,False,
2029,Spacenet Enterprises India Ltd.,SPCENET,Commercial Services,Advertising/Marketing Services,False,False,False,False,False,False,False,False,False,False,
2030,Country Club Hospitality & Holidays Limited,CCHHL,Consumer Services,Other Consumer Services,False,False,False,False,False,False,False,False,False,False,
2031,Anya Polytech & Fertilizers Limited,ANYA,Process Industries,Chemicals: Agricultural,False,False,False,False,False,False,False,False,False,False,ANYA-SM
2032,Kothari Sugars & Chemicals Ltd.,KOTARISUG,Process Industries,Agricultural Commodities/Milling,False,False,False,False,False,False,False,False,False,False,
2033,Airan Ltd.,AIRAN,Technology Services,Information Technology Services,False,False,False,False,False,False,False,False,False,False,
2034,Power & Instrumentation (Gujarat) Ltd.,PIGL,Industrial Services,Engineering & Construction,False,False,False,False,False,False,False,False,False,False,
2035,Ducol Organics & Colours Ltd.,DUCOL,Process Industries,Chemicals: Specialty,False,False,False,False,False,False,False,False,False,False,DUCOL-SM
2036,M K Proteins Limited,MKPL,Process Industries,Agricultural Commodities/Milling,False,False,False,False,False,False,False,False,False,False,
2037,Zodiac Clothing Company Limited,ZODIACLOTH,Consumer Non-Durables,Apparel/Footwear,False,False,False,False,False,False,False,False,False,False,
2038,Kavveri Defence & Wireless Technologies Limited,KAVDEFENCE,Electronic Technology,Telecommunications Equipment,False,False,False,False,False,False,False,False,False,False,KAVDEFENCE-BE
2039,Byke Hospitality Ltd.,BYKE,Consumer Services,Hotels/Resorts/Cruise lines,False,False,False,False,False,False,False,False,False,False,
2040,Fidel Softech Ltd.,FIDEL,Technology Services,Information Technology Services,False,False,False,False,False,False,False,False,False,False,FIDEL-SM
2041,Agarwal Toughened Glass India Limited,AGARWALTUF,Process Industries,Industrial Specialties,False,False,False,False,False,False,False,False,False,False,AGARWALTUF-SM
2042,Sakthi Sugars Limited,SAKHTISUG,Process Industries,Agricultural Commodities/Milling,False,False,False,False,False,False,False,False,False,False,
2043,Aarvi Encon Ltd.,AARVI,Commercial Services,Personnel Services,False,False,False,False,False,False,False,False,False,False,
2044,Rana Sugars Limited,RANASUG,Process Industries,Agricultural Commodities/Milling,False,False,False,False,False,False,False,False,False,False,
2045,P S Raj Steels Ltd.,PSRAJ,Non-Energy Minerals,Steel,False,False,False,False,False,False,False,False,False,False,PSRAJ-SM
2046,Veto Switchgears & Cables Ltd.,VETO,Producer Manufacturing,Electrical Products,False,False,False,False,False,False,False,False,False,False,
2047,Chembond Material Technologies Limited,CHEMBOND,Process Industries,Chemicals: Major Diversified,False,False,False,False,False,False,False,False,False,False,
2048,Eleganz Interiors Ltd.,ELGNZ,Industrial Services,Engineering & Construction,False,False,False,False,False,False,False,False,False,False,ELGNZ-SM
2049,Rex Pipes & Cables Industries Ltd.,REXPIPES,Producer Manufacturing,Miscellaneous Manufacturing,False,False,False,False,False,False,False,False,False,False,REXPIPES-SM
2050,Shiva Texyarn Limited,SHIVATEX,Process Industries,Textiles,False,False,False,False,False,False,False,False,False,False,
2051,Tunwal E-Motors Limited,TUNWAL,Consumer Durables,Motor Vehicles,False,False,False,False,False,False,False,False,False,False,TUNWAL-SM
2052,Shree Ram Twistex Limited,SRTL,Process Industries,Textiles,False,False,False,False,False,False,False,False,False,False,
2053,Shivalic Power Control Limited,SPCL,Producer Manufacturing,Electrical Products,False,False,False,False,False,False,False,False,False,False,SPCL-SM
2054,Jeyyam Global Foods Limited,JEYYAM,Consumer Non-Durables,Food: Major Diversified,False,False,False,False,False,False,False,False,False,False,JEYYAM-SM
2055,Flywings Simulator Training Centre Limited,FWSTC,Commercial Services,Miscellaneous Commercial Services,False,False,False,False,False,False,False,False,False,False,FWSTC-SM
2056,Affordable Robotic & Automation Ltd.,AFFORDABLE,Producer Manufacturing,Industrial Machinery,False,False,False,False,False,False,False,False,False,False,
2057,Revathi Equipment India Ltd.,RVTH,Industrial Services,Oilfield Services/Equipment,False,False,False,False,False,False,False,False,False,False,
2058,Envirotech Systems Limited,ENVIRO,Producer Manufacturing,Industrial Machinery,False,False,False,False,False,False,False,False,False,False,ENVIRO-SM
2059,Jullundur Motor Agency (Delhi) Ltd,JMA,Producer Manufacturing,Auto Parts: OEM,False,False,False,False,False,False,False,False,False,False,
2060,Integrated Personnel Services Ltd.,IPSL,Commercial Services,Personnel Services,False,False,False,False,False,False,False,False,False,False,IPSL-SM
2061,Maral Overseas Limited,MARALOVER,Process Industries,Textiles,False,False,False,False,False,False,False,False,False,False,
2062,Asian Hotels (West) Limited,AHLWEST,Consumer Services,Hotels/Resorts/Cruise lines,False,False,False,False,False,False,False,False,False,False,
2063,Gillanders Arbuthnot & Co. Ltd.,GILLANDERS,Consumer Non-Durables,Food: Major Diversified,False,False,False,False,False,False,False,False,False,False,
2064,Mega Flex Plastics Limited,MEGAFLEX,Process Industries,Containers/Packaging,False,False,False,False,False,False,False,False,False,False,MEGAFLEX-ST
2065,Rudra Global Infra Products Ltd.,RUDRA,Non-Energy Minerals,Steel,False,False,False,False,False,False,False,False,False,False,
2066,Virinchi Ltd.,VIRINCHI,Technology Services,Information Technology Services,False,False,False,False,False,False,False,False,False,False,
2067,P.E. Analytics Limited,PROPEQUITY,Technology Services,Internet Software/Services,False,False,False,False,False,False,False,False,False,False,PROPEQUITY-SM
2068,Avana Electrosystems Limited,AVANA,Producer Manufacturing,Electrical Products,False,False,False,False,False,False,False,False,False,False,AVANA-SM
2069,Digikore Studios Limited,DIGIKORE,Consumer Services,Movies/Entertainment,False,False,False,False,False,False,False,False,False,False,DIGIKORE-SM
2070,Oneclick Logistics India Limited,OLIL,Transportation,Marine Shipping,False,False,False,False,False,False,False,False,False,False,OLIL-SM
2071,Murudeshwar Ceramics Limited,MURUDCERA,Producer Manufacturing,Building Products,False,False,False,False,False,False,False,False,False,False,
2072,Ramdevbaba Solvent Limited,RBS,Process Industries,Agricultural Commodities/Milling,False,False,False,False,False,False,False,False,False,False,RBS-SM
2073,Emerald Tyre Manufacturers Ltd.,ETML,Consumer Durables,Automotive Aftermarket,False,False,False,False,False,False,False,False,False,False,ETML-SM
2074,Finbud Financial Services Limited,FINBUD,Finance,Finance/Rental/Leasing,False,False,False,False,False,False,False,False,False,False,FINBUD-SM
2075,Mahalaxmi Rubtech Ltd,MHLXMIRU,Process Industries,Industrial Specialties,False,False,False,False,False,False,False,False,False,False,
2076,Optivalue Tek Consulting Limited,OPTIVALUE,Technology Services,Information Technology Services,False,False,False,False,False,False,False,False,False,False,OPTIVALUE-SM
2077,Forcas Studio Limited,FORCAS,Consumer Non-Durables,Apparel/Footwear,False,False,False,False,False,False,False,False,False,False,FORCAS-SM
2078,Manaksia Aluminium Company Ltd,MANAKALUCO,Non-Energy Minerals,Other Metals/Minerals,False,False,False,False,False,False,False,False,False,False,MANAKALUCO-BE
2079,Aarey Drugs & Pharmaceuticals Ltd.,AAREYDRUGS,Health Technology,Pharmaceuticals: Major,False,False,False,False,False,False,False,False,False,False,
2080,Quest Laboratories Ltd.,QUESTLAB,Health Technology,Pharmaceuticals: Major,False,False,False,False,False,False,False,False,False,False,QUESTLAB-ST
2081,Ema Partners India Limited,EMAPARTNER,Commercial Services,Personnel Services,False,False,False,False,False,False,False,False,False,False,EMAPARTNER-SM
2082,HOAC Foods India Limited,HOACFOODS,Process Industries,Agricultural Commodities/Milling,False,False,False,False,False,False,False,False,False,False,HOACFOODS-ST
2083,Dhariwalcorp Limited,DHARIWAL,Consumer Non-Durables,Household/Personal Care,False,False,False,False,False,False,False,False,False,False,DHARIWAL-ST
2084,Bannari Amman Spinning Mills Limited,BASML,Process Industries,Textiles,False,False,False,False,False,False,False,False,False,False,
2085,Royal Arc Electrodes Limited,ROYALARC,Producer Manufacturing,Industrial Machinery,False,False,False,False,False,False,False,False,False,False,ROYALARC-SM
2086,Shubhshree Biofuels Energy Ltd.,SHUBHSHREE,Process Industries,Chemicals: Specialty,False,False,False,False,False,False,False,False,False,False,SHUBHSHREE-SM
2087,Jainik Power and Cables Ltd.,JAINIK,Non-Energy Minerals,Aluminum,False,False,False,False,False,False,False,False,False,False,JAINIK-SM
2088,Vaswani Industries Limited,VASWANI,Non-Energy Minerals,Steel,False,False,False,False,False,False,False,False,False,False,
2089,Lancor Holdings Limited,LANCORHOL,Finance,Real Estate Development,False,False,False,False,False,False,False,False,False,False,LANCORHOL-BE
2090,Madhav Copper Ltd.,MCL,Non-Energy Minerals,Other Metals/Minerals,False,False,False,False,False,False,False,False,False,False,MCL-BE
2091,Modern Threads (India) Ltd,MODTHREAD,Process Industries,Textiles,False,False,False,False,False,False,False,False,False,False,
2092,Tainwala Chemicals & Plastics (India) Ltd,TAINWALCHM,Process Industries,Containers/Packaging,False,False,False,False,False,False,False,False,False,False,
2093,Blue Water Logistics Limited,BLUEWATER,Transportation,Air Freight/Couriers,False,False,False,False,False,False,False,False,False,False,BLUEWATER-SM
2094,Aeron Composite Limited,AERON,Producer Manufacturing,Miscellaneous Manufacturing,False,False,False,False,False,False,False,False,False,False,AERON-SM
2095,Bharat Road Network Ltd.,BRNL,Industrial Services,Engineering & Construction,False,False,False,False,False,False,False,False,False,False,
2096,Visaman Global Sales Limited,VISAMAN,Distribution Services,Wholesale Distributors,False,False,False,False,False,False,False,False,False,False,VISAMAN-ST
2097,Enfuse Solutions Ltd.,ENFUSE,Technology Services,Information Technology Services,False,False,False,False,False,False,False,False,False,False,ENFUSE-SM
2098,Niraj Cement Structurals Limited,NIRAJ,Industrial Services,Engineering & Construction,False,False,False,False,False,False,False,False,False,False,
2099,Cash Ur Drive Marketing Limited,CUDML,Commercial Services,Advertising/Marketing Services,False,False,False,False,False,False,False,False,False,False,CUDML-SM
2100,AMJ Land Holdings Ltd.,AMJLAND,Finance,Real Estate Development,False,False,False,False,False,False,False,False,False,False,
2101,Arvee Laboratories (India) Ltd.,ARVEE,Process Industries,Chemicals: Specialty,False,False,False,False,False,False,False,False,False,False,
2102,Aspinwall and Company Limited,ASPINWALL,Transportation,Air Freight/Couriers,False,False,False,False,False,False,False,False,False,False,
2103,Kamdhenu Ventures Ltd.,KAMOPAINTS,Process Industries,Industrial Specialties,False,False,False,False,False,False,False,False,False,False,
2104,Dhara Rail Projects Limited,DHARARAIL,Industrial Services,Engineering & Construction,False,False,False,False,False,False,False,False,False,False,DHARARAIL-SM
2105,Superhouse Limited,SUPERHOUSE,Consumer Non-Durables,Apparel/Footwear,False,False,False,False,False,False,False,False,False,False,
2106,Century Extrusions Ltd,CENTEXT,Producer Manufacturing,Metal Fabrication,False,False,False,False,False,False,False,False,False,False,
2107,Baid Finserv Limited,BAIDFIN,Finance,Finance/Rental/Leasing,False,False,False,False,False,False,False,False,False,False,
2108,Digicontent Ltd.,DGCONTENT,Commercial Services,Commercial Printing/Forms,False,False,False,False,False,False,False,False,False,False,
2109,Uravi Defence and Technology Limited,URAVIDEF,Producer Manufacturing,Electrical Products,False,False,False,False,False,False,False,False,False,False,
2110,Munish Forge Ltd.,MUNISH,Producer Manufacturing,Industrial Machinery,False,False,False,False,False,False,False,False,False,False,MUNISH-SM
2111,PIL Italica Lifestyle Limited,PILITA,Producer Manufacturing,Miscellaneous Manufacturing,False,False,False,False,False,False,False,False,False,False,
2112,Rajputana Biodiesel Limited,RAJPUTANA,Process Industries,Chemicals: Specialty,False,False,False,False,False,False,False,False,False,False,RAJPUTANA-SM
2113,Energy-Mission Machineries (India) Limited,EMMIL,Producer Manufacturing,Industrial Machinery,False,False,False,False,False,False,False,False,False,False,EMMIL-SM
2114,Zee Learn Limited,ZEELEARN,Consumer Services,Other Consumer Services,False,False,False,False,False,False,False,False,False,False,
2115,Khadim India Limited,KHADIM,Consumer Non-Durables,Apparel/Footwear,False,False,False,False,False,False,False,False,False,False,
2116,Indian Terrain Fashions Limited,INDTERRAIN,Consumer Non-Durables,Apparel/Footwear,False,False,False,False,False,False,False,False,False,False,
2117,Mahickra Chemicals Ltd.,MAHICKRA,Process Industries,Chemicals: Specialty,False,False,False,False,False,False,False,False,False,False,MAHICKRA-ST
2118,Apex Ecotech Ltd.,APEXECO,Utilities,Water Utilities,False,False,False,False,False,False,False,False,False,False,APEXECO-SM
2119,Sadhav Shipping Ltd.,SADHAV,Transportation,Other Transportation,False,False,False,False,False,False,False,False,False,False,SADHAV-SM
2120,Eppeltone Engineers Limited,EEPL,Producer Manufacturing,Electrical Products,False,False,False,False,False,False,False,False,False,False,EEPL-SM
2121,Natural Capsules Limited,NATCAPSUQ,Health Technology,Pharmaceuticals: Other,False,False,False,False,False,False,False,False,False,False,
2122,Incredible Industries Limited,INCREDIBLE,Non-Energy Minerals,Steel,False,False,False,False,False,False,False,False,False,False,
2123,CP Capital Ltd,CPCAP,Consumer Services,Other Consumer Services,False,False,False,False,False,False,False,False,False,False,
2124,Plaza Wires Limited,PLAZACABLE,Producer Manufacturing,Electrical Products,False,False,False,False,False,False,False,False,False,False,
2125,Filatex Fashions Limited,FILATFASH,Process Industries,Textiles,False,False,False,False,False,False,False,False,False,False,
2126,Prime Cable Industries Limited,PRIMECAB,Producer Manufacturing,Electrical Products,False,False,False,False,False,False,False,False,False,False,PRIMECAB-SM
2127,GP Petroleums Limited,GULFPETRO,Energy Minerals,Oil Refining/Marketing,False,False,False,False,False,False,False,False,False,False,
2128,Equippp Social Impact Technologies Limited,EQUIPPP,Technology Services,Internet Software/Services,False,False,False,False,False,False,False,False,False,False,EQUIPPP-BE
2129,Emmbi Industries Limited,EMMBI,Process Industries,Containers/Packaging,False,False,False,False,False,False,False,False,False,False,
2130,Sadbhav Engineering Limited,SADBHAV,Industrial Services,Engineering & Construction,False,False,False,False,False,False,False,False,False,False,SADBHAV-BE
2131,Renol Polychem Limited,RNPL,Process Industries,Chemicals: Specialty,False,False,False,False,False,False,False,False,False,False,RNPL-SM
2132,Avi Ansh Textile Limited,AVIANSH,Process Industries,Textiles,False,False,False,False,False,False,False,False,False,False,AVIANSH-SM
2133,Kritika Wires Limited,KRITIKA,Producer Manufacturing,Metal Fabrication,False,False,False,False,False,False,False,False,False,False,
2134,Indian Emulsifiers Ltd.,IEML,Process Industries,Chemicals: Major Diversified,False,False,False,False,False,False,False,False,False,False,IEML-SM
2135,Dev Information Technology Ltd,DEVIT,Technology Services,Information Technology Services,False,False,False,False,False,False,False,False,False,False,
2136,Rudrabhishek Enterprises Ltd.,REPL,Industrial Services,Engineering & Construction,False,False,False,False,False,False,False,False,False,False,
2137,Sharp Chucks & Machines Ltd.,SCML,Producer Manufacturing,Industrial Machinery,False,False,False,False,False,False,False,False,False,False,SCML-SM
2138,AVRO India Ltd.,AVROIND,Consumer Durables,Home Furnishings,False,False,False,False,False,False,False,False,False,False,
2139,QMS Medical Allied Services Limited,QMSMEDI,Distribution Services,Medical Distributors,False,False,False,False,False,False,False,False,False,False,QMSMEDI-SM
2140,Shri Techtex Limited,SHRITECH,Process Industries,Textiles,False,False,False,False,False,False,False,False,False,False,SHRITECH-SM
2141,Ruchi Infrastructure Limited,RUCHINFRA,Transportation,Other Transportation,False,False,False,False,False,False,False,False,False,False,
2142,Goldstar Power Ltd.,GOLDSTAR,Producer Manufacturing,Electrical Products,False,False,False,False,False,False,False,False,False,False,GOLDSTAR-ST
2143,Surani Steel Tubes Ltd.,SURANI,Non-Energy Minerals,Steel,False,False,False,False,False,False,False,False,False,False,SURANI-ST
2144,Rajputana Industries Limited,RAJINDLTD,Non-Energy Minerals,Other Metals/Minerals,False,False,False,False,False,False,False,False,False,False,RAJINDLTD-SM
2145,Silkflex Polymers (India) Ltd.,SILKFLEX,Distribution Services,Wholesale Distributors,False,False,False,False,False,False,False,False,False,False,SILKFLEX-ST
2146,Shyam Dhani Industries Limited,SHYAMDHANI,Consumer Non-Durables,Food: Major Diversified,False,False,False,False,False,False,False,False,False,False,SHYAMDHANI-SM
2147,Bharat Gears Limited,BHARATGEAR,Producer Manufacturing,Trucks/Construction/Farm Machinery,False,False,False,False,False,False,False,False,False,False,
2148,Magnum Ventures Limited.,MAGNUM,Process Industries,Pulp & Paper,False,False,False,False,False,False,False,False,False,False,
2149,Archidply Industries Limited,ARCHIDPLY,Producer Manufacturing,Building Products,False,False,False,False,False,False,False,False,False,False,
2150,Umiya Buildcon Limited,UMIYA-MRO,Electronic Technology,Electronic Production Equipment,False,False,False,False,False,False,False,False,False,False,
2151,Premier Roadlines Ltd.,PRLIND,Transportation,Trucking,False,False,False,False,False,False,False,False,False,False,PRLIND-SM
2152,Xelpmoc Design And Tech Ltd,XELPMOC,Technology Services,Information Technology Services,False,False,False,False,False,False,False,False,False,False,
2153,Trigyn Technologies Limited,TRIGYN,Technology Services,Information Technology Services,False,False,False,False,False,False,False,False,False,False,
2154,Signet Industries Limited,SIGIND,Process Industries,Chemicals: Specialty,False,False,False,False,False,False,False,False,False,False,
2155,Aartech Solonics Ltd.,AARTECH,Commercial Services,Miscellaneous Commercial Services,False,False,False,False,False,False,False,False,False,False,
2156,Keynote Financial Services Limited,KEYFINSERV,Finance,Investment Banks/Brokers,False,False,False,False,False,False,False,False,False,False,
2157,Esconet Technologies Limited,ESCONET,Technology Services,Information Technology Services,False,False,False,False,False,False,False,False,False,False,ESCONET-SM
2158,North Eastern Carrying Corp. Ltd.,NECCLTD,Transportation,Other Transportation,False,False,False,False,False,False,False,False,False,False,
2159,AksharChem India Ltd.,AKSHARCHEM,Process Industries,Chemicals: Specialty,False,False,False,False,False,False,False,False,False,False,
2160,Alpa Laboratories Limited,ALPA,Health Technology,Pharmaceuticals: Major,False,False,False,False,False,False,False,False,False,False,
2161,Barflex Polyfilms Ltd.,BARFLEX,Process Industries,Containers/Packaging,False,False,False,False,False,False,False,False,False,False,BARFLEX-SM
2162,Beardsell Limited,BEARDSELL,Process Industries,Industrial Specialties,False,False,False,False,False,False,False,False,False,False,
2163,S D Retail Limited,SDREAMS,Consumer Non-Durables,Apparel/Footwear,False,False,False,False,False,False,False,False,False,False,SDREAMS-SM
2164,Bhandari Hosiery Exports Ltd,BHANDARI,Consumer Non-Durables,Apparel/Footwear,False,False,False,False,False,False,False,False,False,False,
2165,Aluwind Infra-Tech Ltd,ALUWIND,Producer Manufacturing,Building Products,False,False,False,False,False,False,False,False,False,False,ALUWIND-SM
2166,Landsmill Green Ltd,LANDSMILL,Commercial Services,Miscellaneous Commercial Services,False,False,False,False,False,False,False,False,False,False,
2167,Hindprakash Industries Ltd.,HPIL,Process Industries,Chemicals: Specialty,False,False,False,False,False,False,False,False,False,False,
2168,De Neers Tools Ltd.,DENEERS,Distribution Services,Wholesale Distributors,False,False,False,False,False,False,False,False,False,False,DENEERS-ST
2169,Alphageo (India) Ltd.,ALPHAGEO,Industrial Services,Oilfield Services/Equipment,False,False,False,False,False,False,False,False,False,False,
2170,Indbank Merchant Banking Services Limited,INDBANK,Finance,Investment Banks/Brokers,False,False,False,False,False,False,False,False,False,False,
2171,Maha Rashtra Apex Corporation Limited,MAHAPEXLTD,Finance,Finance/Rental/Leasing,False,False,False,False,False,False,False,False,False,False,
2172,Ishan Dyes and Chemicals Limited,ISHANCH,Distribution Services,Wholesale Distributors,False,False,False,False,False,False,False,False,False,False,
2173,Usha Financial Services Limited,USHAFIN,Finance,Finance/Rental/Leasing,False,False,False,False,False,False,False,False,False,False,USHAFIN-SM
2174,Crown Lifters Ltd.,CROWN,Finance,Finance/Rental/Leasing,False,False,False,False,False,False,False,False,False,False,
2175,Rappid Valves (India) Limited,RAPPID,Producer Manufacturing,Industrial Machinery,False,False,False,False,False,False,False,False,False,False,RAPPID-SM
2176,Sampann Utpadan India Ltd,SAMPANN,Producer Manufacturing,Miscellaneous Manufacturing,False,False,False,False,False,False,False,False,False,False,
2177,Spectrum Talent Management Limited,SPECTSTM,Commercial Services,Personnel Services,False,False,False,False,False,False,False,False,False,False,SPECTSTM-SM
2178,Esprit Stones Ltd.,ESPRIT,Non-Energy Minerals,Construction Materials,False,False,False,False,False,False,False,False,False,False,ESPRIT-SM
2179,Tarmat Ltd.,TARMAT,Industrial Services,Engineering & Construction,False,False,False,False,False,False,False,False,False,False,TARMAT-BE
2180,Vipul Limited,VIPULLTD,Finance,Real Estate Development,False,False,False,False,False,False,False,False,False,False,VIPULLTD-BE
2181,Indian Phosphate Ltd.,IPHL,Process Industries,Industrial Specialties,False,False,False,False,False,False,False,False,False,False,IPHL-SM
2182,Prajay Engineers Syndicate Ltd,PRAENG,Consumer Durables,Homebuilding,False,False,False,False,False,False,False,False,False,False,
2183,Indowind Energy Limited,INDOWIND,Utilities,Electric Utilities,False,False,False,False,False,False,False,False,False,False,
2184,IVP Ltd,IVP,Process Industries,Chemicals: Specialty,False,False,False,False,False,False,False,False,False,False,
2185,Kay Cee Energy & Infra Limited,KCEIL,Industrial Services,Engineering & Construction,False,False,False,False,False,False,False,False,False,False,KCEIL-SM
2186,Winsol Engineers Limited,WINSOL,Industrial Services,Engineering & Construction,False,False,False,False,False,False,False,False,False,False,WINSOL-SM
2187,Tips Films Limited,TIPSFILMS,Consumer Services,Movies/Entertainment,False,False,False,False,False,False,False,False,False,False,
2188,Norben Tea & Exports Ltd.,NORBTEAEXP,Consumer Non-Durables,Food: Specialty/Candy,False,False,False,False,False,False,False,False,False,False,NORBTEAEXP-BE
2189,Salona Cotspin Limited,SALONA,Process Industries,Textiles,False,False,False,False,False,False,False,False,False,False,
2190,Durlax Top Surface Limited,DURLAX,Producer Manufacturing,Miscellaneous Manufacturing,False,False,False,False,False,False,False,False,False,False,DURLAX-SM
2191,Jayesh Logistics Limited,JAYESH,Transportation,Air Freight/Couriers,False,False,False,False,False,False,False,False,False,False,JAYESH-SM
2192,Dhunseri Tea & Industries Ltd,DTIL,Process Industries,Agricultural Commodities/Milling,False,False,False,False,False,False,False,False,False,False,
2193,Integra Essentia Limited,ESSENTIA,Consumer Non-Durables,Apparel/Footwear,False,False,False,False,False,False,False,False,False,False,
2194,Ausom Enterprise Limited,AUSOMENT,Finance,Investment Banks/Brokers,False,False,False,False,False,False,False,False,False,False,AUSOMENT-BE
2195,Pritika Engineering Components Ltd.,PRITIKA,Producer Manufacturing,Auto Parts: OEM,False,False,False,False,False,False,False,False,False,False,PRITIKA-SM
2196,Beacon Trusteeship Ltd.,BEACON,Miscellaneous,Investment Trusts/Mutual Funds,False,False,False,False,False,False,False,False,False,False,BEACON-SM
2197,VL E-Governance & IT Solutions Ltd.,VLEGOV,Technology Services,Information Technology Services,False,False,False,False,False,False,False,False,False,False,
2198,Lloyds Luxuries Ltd.,LLOYDS,Retail Trade,Specialty Stores,False,False,False,False,False,False,False,False,False,False,LLOYDS-SM
2199,EPW India Limited,EPWINDIA,Technology Services,Information Technology Services,False,False,False,False,False,False,False,False,False,False,EPWINDIA-SM
2200,Maheshwari Logistics Ltd.,MAHESHWARI,Transportation,Air Freight/Couriers,False,False,False,False,False,False,False,False,False,False,
2201,KHFM Hospitality & Facility Management Services Ltd.,KHFM,Commercial Services,Miscellaneous Commercial Services,False,False,False,False,False,False,False,False,False,False,KHFM-SM
2202,Shah Alloys Limited,SHAHALLOYS,Non-Energy Minerals,Steel,False,False,False,False,False,False,False,False,False,False,
2203,Rapid Fleet Management Services Limited,RAPIDFLEET,Transportation,Trucking,False,False,False,False,False,False,False,False,False,False,RAPIDFLEET-SM
2204,Praxis Home Retail Ltd.,PRAXIS,Retail Trade,Specialty Stores,False,False,False,False,False,False,False,False,False,False,
2205,Aesthetik Engineers Limited,AESTHETIK,Consumer Durables,Home Furnishings,False,False,False,False,False,False,False,False,False,False,AESTHETIK-SM
2206,Aaradhya Disposal Industries Limited,AARADHYA,Process Industries,Containers/Packaging,False,False,False,False,False,False,False,False,False,False,AARADHYA-SM
2207,IBL Finance Ltd.,IBLFL,Finance,Finance/Rental/Leasing,False,False,False,False,False,False,False,False,False,False,IBLFL-SM
2208,V R Infraspace Ltd.,VR,Finance,Real Estate Development,False,False,False,False,False,False,False,False,False,False,VR-SM
2209,Shree OSFM E-Mobility Limited,SHREEOSFM,Transportation,Other Transportation,False,False,False,False,False,False,False,False,False,False,SHREEOSFM-SM
2210,Balaxi Pharmaceuticals Limited,BALAXI,Distribution Services,Medical Distributors,False,False,False,False,False,False,False,False,False,False,
2211,Positron Energy Limited,POSITRON,Utilities,Gas Distributors,False,False,False,False,False,False,False,False,False,False,POSITRON-SM
2212,Western India Plywoods Ltd.,WIPL,Non-Energy Minerals,Forest Products,False,False,False,False,False,False,False,False,False,False,
2213,Vital Chemtech Ltd.,VITAL,Process Industries,Chemicals: Specialty,False,False,False,False,False,False,False,False,False,False,
2214,Coral India Finance & Housing Ltd.,CORALFINAC,Finance,Investment Managers,False,False,False,False,False,False,False,False,False,False,
2215,Vijaypd Ceutical Limited,VIJAYPD,Distribution Services,Medical Distributors,False,False,False,False,False,False,False,False,False,False,VIJAYPD-ST
2216,Cubex Tubings Ltd,CUBEXTUB,Non-Energy Minerals,Other Metals/Minerals,False,False,False,False,False,False,False,False,False,False,
2217,Siddhika Coatings Limited,SIDDHIKA,Industrial Services,Engineering & Construction,False,False,False,False,False,False,False,False,False,False,SIDDHIKA-SM
2218,Magson Retail and Distribution Limited,MAGSON,Retail Trade,Food Retail,False,False,False,False,False,False,False,False,False,False,MAGSON-SM
2219,HEC Infra Projects Ltd.,HECPROJECT,Industrial Services,Engineering & Construction,False,False,False,False,False,False,False,False,False,False,
2220,Womancart Limited,WOMANCART,Retail Trade,Specialty Stores,False,False,False,False,False,False,False,False,False,False,WOMANCART-SM
2221,Lorenzini Apparels Ltd.,LAL,Consumer Non-Durables,Apparel/Footwear,False,False,False,False,False,False,False,False,False,False,
2222,Canarys Automations Ltd.,CANARYS,Technology Services,Information Technology Services,False,False,False,False,False,False,False,False,False,False,CANARYS-SM
2223,Akanksha Power And Infrastructure Limited,AKANKSHA,Producer Manufacturing,Electrical Products,False,False,False,False,False,False,False,False,False,False,AKANKSHA-SM
2224,TBI Corn Limited,TBI,Process Industries,Agricultural Commodities/Milling,False,False,False,False,False,False,False,False,False,False,TBI-SM
2225,Smarten Power Systems Limited,SMARTEN,Producer Manufacturing,Electrical Products,False,False,False,False,False,False,False,False,False,False,SMARTEN-SM
2226,AAA Technologies Ltd.,AAATECH,Technology Services,Information Technology Services,False,False,False,False,False,False,False,False,False,False,
2227,BEW Engineering Ltd.,BEWLTD,Producer Manufacturing,Industrial Machinery,False,False,False,False,False,False,False,False,False,False,BEWLTD-SM
2228,Narmada Agrobase Limited,NARMADA,Process Industries,Agricultural Commodities/Milling,False,False,False,False,False,False,False,False,False,False,
2229,Urban Enviro Waste Management Limited,URBAN,Transportation,Trucking,False,False,False,False,False,False,False,False,False,False,URBAN-SM
2230,Weizmann Limited,WEIZMANIND,Process Industries,Textiles,False,False,False,False,False,False,False,False,False,False,
2231,Krebs Biochemicals & Industries Ltd.,KREBSBIO,Health Technology,Pharmaceuticals: Major,False,False,False,False,False,False,False,False,False,False,
2232,Raj Oil Mills Limited,ROML,Process Industries,Agricultural Commodities/Milling,False,False,False,False,False,False,False,False,False,False,
2233,Bhadora Industries Limited,BHADORA,Producer Manufacturing,Electrical Products,False,False,False,False,False,False,False,False,False,False,BHADORA-SM
2234,Maitreya Medicare Limited,MAITREYA,Health Services,Hospital/Nursing Management,False,False,False,False,False,False,False,False,False,False,MAITREYA-SM
2235,Matrix Geo Solutions Ltd.,MGSL,Industrial Services,Engineering & Construction,False,False,False,False,False,False,False,False,False,False,MGSL-SM
2236,SPEB Adhesives Ltd.,SPEB,Process Industries,Industrial Specialties,False,False,False,False,False,False,False,False,False,False,SPEB-SM
2237,Aban Offshore Limited,ABAN,Industrial Services,Contract Drilling,False,False,False,False,False,False,False,False,False,False,
2238,Somi Conveyor Beltings Limited,SOMICONVEY,Producer Manufacturing,Miscellaneous Manufacturing,False,False,False,False,False,False,False,False,False,False,
2239,Airo Lam Ltd.,AIROLAM,Non-Energy Minerals,Forest Products,False,False,False,False,False,False,False,False,False,False,
2240,DCM Ltd.,DCM,Technology Services,Information Technology Services,False,False,False,False,False,False,False,False,False,False,
2241,Steel City Securities Ltd.,STEELCITY,Finance,Investment Banks/Brokers,False,False,False,False,False,False,False,False,False,False,
2242,Drone Destination Ltd.,DRONE,Electronic Technology,Aerospace & Defense,False,False,False,False,False,False,False,False,False,False,DRONE-SM
2243,Manilam Industries India Limited,MANILAM,Non-Energy Minerals,Forest Products,False,False,False,False,False,False,False,False,False,False,MANILAM-SM
2244,Master Components Limited,MASTER,Producer Manufacturing,Miscellaneous Manufacturing,False,False,False,False,False,False,False,False,False,False,MASTER-SM
2245,Reliable Data Services Ltd.,RELIABLE,Technology Services,Data Processing Services,False,False,False,False,False,False,False,False,False,False,
2246,Kandarp Digi Smart BPO Limited,KANDARP,Commercial Services,Miscellaneous Commercial Services,False,False,False,False,False,False,False,False,False,False,KANDARP-SM
2247,Pro Fx Tech Ltd.,PROFX,Distribution Services,Wholesale Distributors,False,False,False,False,False,False,False,False,False,False,PROFX-SM
2248,Texmo Pipes & Products Ltd.,TEXMOPIPES,Producer Manufacturing,Miscellaneous Manufacturing,False,False,False,False,False,False,False,False,False,False,
2249,Jay Jalaram Technologies Ltd.,KORE,Distribution Services,Electronics Distributors,False,False,False,False,False,False,False,False,False,False,KORE-SM
2250,BSL Ltd,BSL,Process Industries,Textiles,False,False,False,False,False,False,False,False,False,False,
2251,Anik Industries Limited,ANIKINDS,Distribution Services,Wholesale Distributors,False,False,False,False,False,False,False,False,False,False,
2252,Sambhaav Media Limited,SAMBHAAV,Consumer Services,Publishing: Newspapers,False,False,False,False,False,False,False,False,False,False,
2253,OBCL Limited,OBCL,Transportation,Trucking,False,False,False,False,False,False,False,False,False,False,
2254,Marc Technocrats Limited,MARC,Industrial Services,Engineering & Construction,False,False,False,False,False,False,False,False,False,False,MARC-SM
2255,Mayasheel Ventures Limited,MAYASHEEL,Industrial Services,Engineering & Construction,False,False,False,False,False,False,False,False,False,False,MAYASHEEL-SM
2256,Latteys Industries Ltd.,LATTEYS,Producer Manufacturing,Industrial Machinery,False,False,False,False,False,False,False,False,False,False,
2257,Lagnam Spintex Ltd.,LAGNAM,Process Industries,Textiles,False,False,False,False,False,False,False,False,False,False,
2258,Bal Pharma Limited,BALPHARMA,Health Technology,Pharmaceuticals: Major,False,False,False,False,False,False,False,False,False,False,
2259,Smartlink Holdings Limited,SMARTLINK,Electronic Technology,Telecommunications Equipment,False,False,False,False,False,False,False,False,False,False,
2260,Neochem Bio Solutions Ltd.,NEOCHEM,Process Industries,Chemicals: Major Diversified,False,False,False,False,False,False,False,False,False,False,NEOCHEM-SM
2261,Ducon Infratechnologies Ltd.,DUCON,Distribution Services,Electronics Distributors,False,False,False,False,False,False,False,False,False,False,
2262,Hindcon Chemicals Ltd.,HINDCON,Non-Energy Minerals,Construction Materials,False,False,False,False,False,False,False,False,False,False,
2263,Rajshree Polypack Ltd.,RPPL,Process Industries,Containers/Packaging,False,False,False,False,False,False,False,False,False,False,
2264,N R Vandana Tex Industries Limited,NRVANDANA,Consumer Non-Durables,Apparel/Footwear,False,False,False,False,False,False,False,False,False,False,NRVANDANA-SM
2265,Inventure Growth & Securities Ltd.,INVENTURE,Finance,Investment Banks/Brokers,False,False,False,False,False,False,False,False,False,False,
2266,Udayshivakumar Infra Ltd.,USK,Industrial Services,Engineering & Construction,False,False,False,False,False,False,False,False,False,False,USK-BE
2267,Regency Ceramics Ltd,REGENCERAM,Producer Manufacturing,Building Products,False,False,False,False,False,False,False,False,False,False,
2268,Greenchef Appliances Limited,GREENCHEF,Consumer Durables,Electronics/Appliances,False,False,False,False,False,False,False,False,False,False,GREENCHEF-SM
2269,Surana Solar Limited,SURANASOL,Electronic Technology,Semiconductors,False,False,False,False,False,False,False,False,False,False,
2270,Ganges Securities Ltd.,GANGESSECU,Consumer Non-Durables,Food: Specialty/Candy,False,False,False,False,False,False,False,False,False,False,
2271,Indian Card Clothing Co. Ltd.,INDIANCARD,Producer Manufacturing,Industrial Machinery,False,False,False,False,False,False,False,False,False,False,
2272,Bodhi Tree Multimedia Ltd.,BTML,Consumer Services,Movies/Entertainment,False,False,False,False,False,False,False,False,False,False,
2273,Biopol Chemicals Ltd.,BIOPOL,Process Industries,Chemicals: Major Diversified,False,False,False,False,False,False,False,False,False,False,BIOPOL-SM
2274,DCG Cables & Wires Ltd,DCG,Non-Energy Minerals,Other Metals/Minerals,False,False,False,False,False,False,False,False,False,False,DCG-SM
2275,Vishwaraj Sugar Industries Ltd.,VISHWARAJ,Process Industries,Agricultural Commodities/Milling,False,False,False,False,False,False,False,False,False,False,
2276,Intrasoft Technologies Limited,ISFT,Retail Trade,Internet Retail,False,False,False,False,False,False,False,False,False,False,
2277,Rama Telecom Limited,RTL,Communications,Specialty Telecommunications,False,False,False,False,False,False,False,False,False,False,RTL-ST
2278,SecMark Consultancy Ltd.,SECMARK,Technology Services,Information Technology Services,False,False,False,False,False,False,False,False,False,False,
2279,Hilton Metal Forging Limited,HILTON,Producer Manufacturing,Metal Fabrication,False,False,False,False,False,False,False,False,False,False,
2280,Shigan Quantum Technologies Ltd.,SHIGAN,Electronic Technology,Electronic Equipment/Instruments,False,False,False,False,False,False,False,False,False,False,SHIGAN-ST
2281,GLOBE ENTERPRISES (INDIA) LIMITED,GLOBE,Process Industries,Textiles,False,False,False,False,False,False,False,False,False,False,
2282,Reliance Home Finance Ltd.,RHFL,Finance,Finance/Rental/Leasing,False,False,False,False,False,False,False,False,False,False,
2283,Cura Technologies Limited,CURAA,Technology Services,Information Technology Services,False,False,False,False,False,False,False,False,False,False,CURAA-BE
2284,Rajnandini Metal Ltd.,RAJMET,Non-Energy Minerals,Other Metals/Minerals,False,False,False,False,False,False,False,False,False,False,
2285,Sotac Pharmaceuticals Limited,SOTAC,Health Technology,Pharmaceuticals: Major,False,False,False,False,False,False,False,False,False,False,SOTAC-SM
2286,GVP Infotech Ltd,GVPTECH,Commercial Services,Miscellaneous Commercial Services,False,False,False,False,False,False,False,False,False,False,
2287,GVP Infotech Ltd TEMP,GVPTECHPP.E1,Commercial Services,Miscellaneous Commercial Services,False,False,False,False,False,False,False,False,False,False,
2288,Par Drugs and Chemicals Limited,PAR,Process Industries,Chemicals: Specialty,False,False,False,False,False,False,False,False,False,False,
2289,GTL Limited,GTL,Technology Services,Information Technology Services,False,False,False,False,False,False,False,False,False,False,
2290,Compucom Software Limited,COMPUSOFT,Technology Services,Information Technology Services,False,False,False,False,False,False,False,False,False,False,
2291,Innomet Advanced Materials Limited,INNOMET,Non-Energy Minerals,Steel,False,False,False,False,False,False,False,False,False,False,INNOMET-SM
2292,Raj Television Network Limited,RAJTV,Consumer Services,Broadcasting,False,False,False,False,False,False,False,False,False,False,
2293,Ideal Technoplast Industries Limited,IDEALTECHO,Process Industries,Containers/Packaging,False,False,False,False,False,False,False,False,False,False,IDEALTECHO-SM
2294,Fiberweb (India) Limited,FIBERWEB,Producer Manufacturing,Industrial Conglomerates,False,False,False,False,False,False,False,False,False,False,FIBERWEB-BE
2295,Emkay Taps & Cutting Tools Ltd.,EMKAYTOOLS,Producer Manufacturing,Industrial Machinery,False,False,False,False,False,False,False,False,False,False,EMKAYTOOLS-SM
2296,Lambodhara Textiles Ltd.,LAMBODHARA,Process Industries,Textiles,False,False,False,False,False,False,False,False,False,False,
2297,Landmark Property Development Co. Ltd.,LPDC,Finance,Real Estate Development,False,False,False,False,False,False,False,False,False,False,
2298,Upsurge Seeds of Agriculture Ltd.,USASEEDS,Process Industries,Agricultural Commodities/Milling,False,False,False,False,False,False,False,False,False,False,USASEEDS-SM
2299,Slone Infosystems Limited,SLONE,Distribution Services,Electronics Distributors,False,False,False,False,False,False,False,False,False,False,SLONE-SM
2300,Mukta Arts Limited,MUKTAARTS,Technology Services,Packaged Software,False,False,False,False,False,False,False,False,False,False,
2301,Kabra Jewels Limited,KKJEWELS,Retail Trade,Specialty Stores,False,False,False,False,False,False,False,False,False,False,KKJEWELS-SM
2302,Sattva Engineering Construction Limited,SATTVAENGG,Industrial Services,Engineering & Construction,False,False,False,False,False,False,False,False,False,False,SATTVAENGG-SM
2303,Ushanti Colour Chem Ltd.,UCL,Process Industries,Chemicals: Specialty,False,False,False,False,False,False,False,False,False,False,UCL-ST
2304,Art Nirman Ltd,ARTNIRMAN,Consumer Durables,Homebuilding,False,False,False,False,False,False,False,False,False,False,
2305,Innovative Tyres & Tubes Ltd.,ITTL,Consumer Durables,Automotive Aftermarket,False,False,False,False,False,False,False,False,False,False,ITTL-ST
2306,Sheel Biotech Limited,SHEEL,Process Industries,Agricultural Commodities/Milling,False,False,False,False,False,False,False,False,False,False,SHEEL-SM
2307,Zeal Global Services Ltd.,ZEAL,Transportation,Airlines,False,False,False,False,False,False,False,False,False,False,ZEAL-SM
2308,Suryalakshmi Cotton Mills Ltd.,SURYALAXMI,Process Industries,Textiles,False,False,False,False,False,False,False,False,False,False,
2309,ShreeOswal Seeds & Chemicals Ltd.,OSWALSEEDS,Process Industries,Agricultural Commodities/Milling,False,False,False,False,False,False,False,False,False,False,
2310,Lovable Lingerie Limited,LOVABLE,Consumer Non-Durables,Apparel/Footwear,False,False,False,False,False,False,False,False,False,False,
2311,Zenith Exports Limited,ZENITHEXPO,Consumer Non-Durables,Apparel/Footwear,False,False,False,False,False,False,False,False,False,False,
2312,Jocil Limited,JOCIL,Process Industries,Chemicals: Specialty,False,False,False,False,False,False,False,False,False,False,
2313,SEL Manufacturing Co. Ltd.,SELMC,Process Industries,Textiles,False,False,False,False,False,False,False,False,False,False,
2314,Grob Tea Co. Ltd.,GROBTEA,Consumer Non-Durables,Food: Major Diversified,False,False,False,False,False,False,False,False,False,False,
2315,Purv Flexipack Ltd,PURVFLEXI,Distribution Services,Wholesale Distributors,False,False,False,False,False,False,False,False,False,False,PURVFLEXI-SM
2316,Classic Electrodes India Limited,CLASSICEIL,Producer Manufacturing,Industrial Machinery,False,False,False,False,False,False,False,False,False,False,CLASSICEIL-SM
2317,Kaytex Fabrics Limited,KAYTEX,Process Industries,Textiles,False,False,False,False,False,False,False,False,False,False,KAYTEX-SM
2318,Readymix Construction Machinery Ltd.,READYMIX,Producer Manufacturing,Trucks/Construction/Farm Machinery,False,False,False,False,False,False,False,False,False,False,READYMIX-SM
2319,Dharan Infra-EPC Ltd,DHARAN,Finance,Real Estate Development,False,False,False,False,False,False,False,False,False,False,DHARAN-BZ
2320,Marvel Decor Ltd.,MDL,Consumer Durables,Home Furnishings,False,False,False,False,False,False,False,False,False,False,MDL-SM
2321,Aarnav Fashions Ltd.,AARNAV,Finance,Investment Banks/Brokers,False,False,False,False,False,False,False,False,False,False,
2322,Uma Exports Ltd.,UMAEXPORTS,Distribution Services,Wholesale Distributors,False,False,False,False,False,False,False,False,False,False,
2323,Sellowrap Industries Limited,SELLOWRAP,Producer Manufacturing,Auto Parts: OEM,False,False,False,False,False,False,False,False,False,False,SELLOWRAP-SM
2324,United Heat Transfer Ltd.,UHTL,Producer Manufacturing,Industrial Machinery,False,False,False,False,False,False,False,False,False,False,UHTL-SM
2325,Srivari Spices and Foods Limited,SSFL,Consumer Non-Durables,Food: Specialty/Candy,False,False,False,False,False,False,False,False,False,False,SSFL-SM
2326,Ambani Orgochem Ltd,AMBANIORGO,Process Industries,Chemicals: Specialty,False,False,False,False,False,False,False,False,False,False,AMBANIORGO-ST
2327,Maxposure Limited,MAXPOSURE,Commercial Services,Advertising/Marketing Services,False,False,False,False,False,False,False,False,False,False,MAXPOSURE-SM
2328,Neueon Corporation Limited,NEUEON,Industrial Services,Engineering & Construction,False,False,False,False,False,False,False,False,False,False,
2329,Shyam Century Ferrous Ltd.,SHYAMCENT,Non-Energy Minerals,Steel,False,False,False,False,False,False,False,False,False,False,
2330,Goyal Aluminiums Limited,GOYALALUM,Distribution Services,Wholesale Distributors,False,False,False,False,False,False,False,False,False,False,GOYALALUM-BE
2331,Crayons Advertising Ltd.,CRAYONS,Commercial Services,Advertising/Marketing Services,False,False,False,False,False,False,False,False,False,False,CRAYONS-SM
2332,Trust Fintech Limited,TRUST,Technology Services,Information Technology Services,False,False,False,False,False,False,False,False,False,False,TRUST-SM
2333,Housing Development & Infrastructure Ltd.,HDIL,Finance,Real Estate Development,False,False,False,False,False,False,False,False,False,False,HDIL-BZ
2334,MITCON Consultancy & Engineering Services Ltd.,MITCON,Commercial Services,Miscellaneous Commercial Services,False,False,False,False,False,False,False,False,False,False,
2335,Sarthak Metals Ltd,SMLT,Non-Energy Minerals,Steel,False,False,False,False,False,False,False,False,False,False,
2336,Loyal Textile Mills Limited,LOYALTEX,Process Industries,Textiles,False,False,False,False,False,False,False,False,False,False,LOYALTEX-BE
2337,Lakshya Powertech Limited,LAKSHYA,Industrial Services,Engineering & Construction,False,False,False,False,False,False,False,False,False,False,LAKSHYA-SM
2338,DelaPlex Limited,DELAPLEX,Technology Services,Information Technology Services,False,False,False,False,False,False,False,False,False,False,DELAPLEX-SM
2339,Srinibas Pradhan Constructions Limited,SPCON,Industrial Services,Engineering & Construction,False,False,False,False,False,False,False,False,False,False,SPCON-SM
2340,Rajshree Sugars & Chemicals Limited,RAJSREESUG,Process Industries,Agricultural Commodities/Milling,False,False,False,False,False,False,False,False,False,False,
2341,RockingDeals Circular Economy Limited,ROCKINGDCE,Distribution Services,Wholesale Distributors,False,False,False,False,False,False,False,False,False,False,ROCKINGDCE-SM
2342,Mangalam Alloys Ltd.,MAL,Non-Energy Minerals,Steel,False,False,False,False,False,False,False,False,False,False,MAL-SM
2343,DB (International) Stock Brokers Limited,DBSTOCKBRO,Finance,Investment Banks/Brokers,False,False,False,False,False,False,False,False,False,False,
2344,Diensten Tech Limited,DTL,Technology Services,Information Technology Services,False,False,False,False,False,False,False,False,False,False,DTL-SM
2345,Palash Securities Ltd.,PALASHSECU,Consumer Non-Durables,Food: Specialty/Candy,False,False,False,False,False,False,False,False,False,False,
2346,Vdeal System Ltd.,VDEAL,Producer Manufacturing,Electrical Products,False,False,False,False,False,False,False,False,False,False,VDEAL-SM
2347,Cinevista Ltd.,CINEVISTA,Consumer Services,Movies/Entertainment,False,False,False,False,False,False,False,False,False,False,
2348,On Door Concepts Limited,ONDOOR,Retail Trade,Food Retail,False,False,False,False,False,False,False,False,False,False,ONDOOR-SM
2349,Barak Valley Cements Limited,BVCL,Non-Energy Minerals,Construction Materials,False,False,False,False,False,False,False,False,False,False,
2350,Standard Industries Limited,SIL,Process Industries,Chemicals: Specialty,False,False,False,False,False,False,False,False,False,False,
2351,Mahendra Realtors & Infrastructure Limited,MRIL,Industrial Services,Engineering & Construction,False,False,False,False,False,False,False,False,False,False,MRIL-SM
2352,Digjam Ltd.,DIGJAMLMTD,Process Industries,Textiles,False,False,False,False,False,False,False,False,False,False,
2353,KEN Enterprises Ltd.,KEN,Process Industries,Textiles,False,False,False,False,False,False,False,False,False,False,KEN-SM
2354,Ashapura Logistics Limited,ASHALOG,Transportation,Air Freight/Couriers,False,False,False,False,False,False,False,False,False,False,ASHALOG-SM
2355,B.A.G. Films & Media Ltd.,BAGFILMS,Consumer Services,Broadcasting,False,False,False,False,False,False,False,False,False,False,
2356,Sylvan Plyboard (India) Limited,SYLVANPLY,Non-Energy Minerals,Forest Products,False,False,False,False,False,False,False,False,False,False,SYLVANPLY-SM
2357,Forge Auto International Ltd.,FORGEAUTO,Producer Manufacturing,Metal Fabrication,False,False,False,False,False,False,False,False,False,False,FORGEAUTO-SM
2358,Silky Overseas Ltd.,SILKY,Process Industries,Textiles,False,False,False,False,False,False,False,False,False,False,SILKY-SM
2359,KCK Industries Limited,KCK,Process Industries,Agricultural Commodities/Milling,False,False,False,False,False,False,False,False,False,False,KCK-SM
2360,Accretion Pharmaceuticals Ltd.,ACCPL,Health Technology,Pharmaceuticals: Major,False,False,False,False,False,False,False,False,False,False,ACCPL-SM
2361,RKEC Projects Ltd.,RKEC,Industrial Services,Engineering & Construction,False,False,False,False,False,False,False,False,False,False,
2362,Moksh Ornaments Ltd.,MOKSH,Consumer Durables,Other Consumer Specialties,False,False,False,False,False,False,False,False,False,False,
2363,Sadbhav Infrastructure Project Ltd.,SADBHIN,Transportation,Other Transportation,False,False,False,False,False,False,False,False,False,False,
2364,BLB Limited,BLBLIMITED,Finance,Investment Banks/Brokers,False,False,False,False,False,False,False,False,False,False,BLBLIMITED-BE
2365,Reliance Chemotex Industries Ltd,RELCHEMQ,Process Industries,Textiles,False,False,False,False,False,False,False,False,False,False,
2366,Kohinoor Foods Limited.,KOHINOOR,Process Industries,Agricultural Commodities/Milling,False,False,False,False,False,False,False,False,False,False,
2367,Accuracy Shipping Ltd.,ACCURACY,Transportation,Air Freight/Couriers,False,False,False,False,False,False,False,False,False,False,
2368,WOL 3D India Limited,WOL3D,Electronic Technology,Computer Peripherals,False,False,False,False,False,False,False,False,False,False,WOL3D-SM
2369,Motor & General Finance Ltd.,MOTOGENFIN,Finance,Real Estate Development,False,False,False,False,False,False,False,False,False,False,
2370,Navkar Urbanstructure Limited,NAVKARURB,Non-Energy Minerals,Construction Materials,False,False,False,False,False,False,False,False,False,False,
2371,Semac Construction Limited,SEMAC,Producer Manufacturing,Trucks/Construction/Farm Machinery,False,False,False,False,False,False,False,False,False,False,
2372,My Mudra Fincorp Ltd.,MYMUDRA,Finance,Finance/Rental/Leasing,False,False,False,False,False,False,False,False,False,False,MYMUDRA-SM
2373,Total Transport Systems Ltd.,TOTAL,Transportation,Air Freight/Couriers,False,False,False,False,False,False,False,False,False,False,
2374,Kundan Edifice Limited,KEL,Producer Manufacturing,Electrical Products,False,False,False,False,False,False,False,False,False,False,KEL-SM
2375,Shri Hare-Krishna Sponge Iron Limited,SHKSIL,Non-Energy Minerals,Steel,False,False,False,False,False,False,False,False,False,False,SHKSIL-SM
2376,Pattech Fitwell Tube Components Ltd.,PATTECH,Producer Manufacturing,Metal Fabrication,False,False,False,False,False,False,False,False,False,False,PATTECH-SM
2377,Aakash Exploration Services Ltd.,AAKASH,Energy Minerals,Oil & Gas Production,False,False,False,False,False,False,False,False,False,False,AAKASH-BE
2378,Jyoti Global Plast Limited,JYOTIGLOBL,Producer Manufacturing,Miscellaneous Manufacturing,False,False,False,False,False,False,False,False,False,False,JYOTIGLOBL-SM
2379,Aksh Optifibre Limited,AKSHOPTFBR,Electronic Technology,Telecommunications Equipment,False,False,False,False,False,False,False,False,False,False,
2380,Curis Lifesciences Limited,CURIS,Health Technology,Pharmaceuticals: Major,False,False,False,False,False,False,False,False,False,False,CURIS-SM
2381,Hisar Metal Industries Limited,HISARMETAL,Non-Energy Minerals,Steel,False,False,False,False,False,False,False,False,False,False,
2382,Odigma Consultancy Solutions Limited,ODIGMA,Technology Services,Internet Software/Services,False,False,False,False,False,False,False,False,False,False,
2383,ROX Hi-Tech Limited,ROXHITECH,Technology Services,Information Technology Services,False,False,False,False,False,False,False,False,False,False,ROXHITECH-SM
2384,SecureKloud Technologies Limited,SECURKLOUD,Technology Services,Information Technology Services,False,False,False,False,False,False,False,False,False,False,
2385,AMD Industries Limited,AMDIND,Producer Manufacturing,Miscellaneous Manufacturing,False,False,False,False,False,False,False,False,False,False,
2386,Crop Life Science Ltd.,CLSL,Process Industries,Chemicals: Agricultural,False,False,False,False,False,False,False,False,False,False,CLSL-SM
2387,Chetana Education Limited,CHETANA,Consumer Services,Publishing: Books/Magazines,False,False,False,False,False,False,False,False,False,False,CHETANA-SM
2388,Arabian Petroleum Limited,ARABIAN,Process Industries,Industrial Specialties,False,False,False,False,False,False,False,False,False,False,ARABIAN-SM
2389,Ameya Precision Engineers Ltd.,AMEYA,Producer Manufacturing,Industrial Machinery,False,False,False,False,False,False,False,False,False,False,AMEYA-SM
2390,Aakaar Medical Technologies Limited,AAKAAR,Distribution Services,Medical Distributors,False,False,False,False,False,False,False,False,False,False,AAKAAR-ST
2391,Suntech Infra Solutions Limited,SUNTECH,Industrial Services,Engineering & Construction,False,False,False,False,False,False,False,False,False,False,SUNTECH-SM
2392,Dollex Agrotech Limited,DOLLEX,Process Industries,Agricultural Commodities/Milling,False,False,False,False,False,False,False,False,False,False,DOLLEX-SM
2393,Refractory Shapes Ltd.,REFRACTORY,Non-Energy Minerals,Construction Materials,False,False,False,False,False,False,False,False,False,False,REFRACTORY-SM
2394,Touchwood Entertainment Ltd.,TOUCHWOOD,Commercial Services,Miscellaneous Commercial Services,False,False,False,False,False,False,False,False,False,False,
2395,SPL Industries Limited,SPLIL,Consumer Non-Durables,Apparel/Footwear,False,False,False,False,False,False,False,False,False,False,
2396,Paras Petrofils Limited,PARASPETRO,Process Industries,Textiles,False,False,False,False,False,False,False,False,False,False,PARASPETRO-BE
2397,Pioneer Embroideries Limited,PIONEEREMB,Consumer Non-Durables,Apparel/Footwear,False,False,False,False,False,False,False,False,False,False,
2398,Paragon Fine And Speciality Chemical Limited,PARAGON,Process Industries,Chemicals: Major Diversified,False,False,False,False,False,False,False,False,False,False,PARAGON-SM
2399,Digidrive Distributors Limited,DIGIDRIVE,Retail Trade,Specialty Stores,False,False,False,False,False,False,False,False,False,False,
2400,Vels Film International Ltd.,VELS,Consumer Services,Movies/Entertainment,False,False,False,False,False,False,False,False,False,False,VELS-SM
2401,Prakash Steelage Limited,PRAKASHSTL,Non-Energy Minerals,Steel,False,False,False,False,False,False,False,False,False,False,
2402,Newjaisa Technologies Limited,NEWJAISA,Retail Trade,Electronics/Appliance Stores,False,False,False,False,False,False,False,False,False,False,NEWJAISA-SM
2403,Kakatiya Cement Sugar & Industries Ltd.,KAKATCEM,Non-Energy Minerals,Construction Materials,False,False,False,False,False,False,False,False,False,False,
2404,Veekayem Fashion And Apparels Limited,VEEKAYEM,Process Industries,Textiles,False,False,False,False,False,False,False,False,False,False,VEEKAYEM-SM
2405,Gensol Engineering Limited,GENSOL,Industrial Services,Engineering & Construction,False,False,False,False,False,False,False,False,False,False,GENSOL-BZ
2406,Zenith Steel Pipes & Industries Limited,ZENITHSTL,Non-Energy Minerals,Steel,False,False,False,False,False,False,False,False,False,False,
2407,Viaz Tyres Ltd.,VIAZ,Consumer Durables,Automotive Aftermarket,False,False,False,False,False,False,False,False,False,False,VIAZ-SM
2408,Siddhi Cotspin Limited,SIDDHICOTS,Process Industries,Textiles,False,False,False,False,False,False,False,False,False,False,SIDDHICOTS-ST
2409,Ajooni Biotech Limited,AJOONI,Miscellaneous,Miscellaneous,False,False,False,False,False,False,False,False,False,False,
2410,Kaushalya Logistics Ltd.,KLL,Transportation,Air Freight/Couriers,False,False,False,False,False,False,False,False,False,False,KLL-SM
2411,Patel Integrated Logistics Ltd.,PATINTLOG,Transportation,Other Transportation,False,False,False,False,False,False,False,False,False,False,
2412,Holmarc Opto-Mechatronics Ltd.,HOLMARC,Electronic Technology,Electronic Equipment/Instruments,False,False,False,False,False,False,False,False,False,False,HOLMARC-SM
2413,Energy Development Co. Ltd.,ENERGYDEV,Utilities,Electric Utilities,False,False,False,False,False,False,False,False,False,False,
2414,Nagreeka Exports Ltd,NAGREEKEXP,Process Industries,Textiles,False,False,False,False,False,False,False,False,False,False,
2415,R. S. Software (India) Limited,RSSOFTWARE,Technology Services,Packaged Software,False,False,False,False,False,False,False,False,False,False,
2416,Banaras Beads Limited,BANARBEADS,Consumer Durables,Other Consumer Specialties,False,False,False,False,False,False,False,False,False,False,
2417,JHS Svendgaard Laboratories Limited,JHS,Consumer Non-Durables,Household/Personal Care,False,False,False,False,False,False,False,False,False,False,
2418,Mohini Health & Hygiene Ltd.,MHHL,Health Technology,Medical Specialties,False,False,False,False,False,False,False,False,False,False,MHHL-SM
2419,Tokyo Plast International Ltd,TOKYOPLAST,Producer Manufacturing,Miscellaneous Manufacturing,False,False,False,False,False,False,False,False,False,False,
2420,NRB Industrial Bearings Ltd.,NIBL,Producer Manufacturing,Metal Fabrication,False,False,False,False,False,False,False,False,False,False,
2421,Marco Cables & Conductors Ltd.,MARCO,Producer Manufacturing,Electrical Products,False,False,False,False,False,False,False,False,False,False,MARCO-SM
2422,TruCap Finance Limited,TRU,Finance,Finance/Rental/Leasing,False,False,False,False,False,False,False,False,False,False,
2423,Zenith Drugs Ltd.,ZENITHDRUG,Health Technology,Pharmaceuticals: Major,False,False,False,False,False,False,False,False,False,False,ZENITHDRUG-SM
2424,Paramatrix Technologies Ltd.,PARAMATRIX,Technology Services,Packaged Software,False,False,False,False,False,False,False,False,False,False,PARAMATRIX-SM
2425,Premium Plast Limited,PREMIUM,Producer Manufacturing,Miscellaneous Manufacturing,False,False,False,False,False,False,False,False,False,False,PREMIUM-SM
2426,Noida Toll Bridge Co. Ltd.,NOIDATOLL,Commercial Services,Advertising/Marketing Services,False,False,False,False,False,False,False,False,False,False,
2427,Transwarranty Finance Limited,TFL,Finance,Investment Banks/Brokers,False,False,False,False,False,False,False,False,False,False,
2428,Srivasavi Adhesive Tapes Limited,SRIVASAVI,Process Industries,Industrial Specialties,False,False,False,False,False,False,False,False,False,False,SRIVASAVI-SM
2429,Dhruv Consultancy Services Ltd.,DHRUV,Industrial Services,Engineering & Construction,False,False,False,False,False,False,False,False,False,False,
2430,Atam Valves Ltd.,ATAM,Producer Manufacturing,Industrial Machinery,False,False,False,False,False,False,False,False,False,False,
2431,Orchasp Ltd,ORCHASP,Technology Services,Information Technology Services,False,False,False,False,False,False,False,False,False,False,
2432,ANI Integrated Services Ltd.,AISL,Commercial Services,Personnel Services,False,False,False,False,False,False,False,False,False,False,AISL-SM
2433,Fonebox Retail Limited,FONEBOX,Retail Trade,Electronics/Appliance Stores,False,False,False,False,False,False,False,False,False,False,FONEBOX-SM
2434,Saj Hotels Limited,SAJHOTELS,Consumer Services,Hotels/Resorts/Cruise lines,False,False,False,False,False,False,False,False,False,False,SAJHOTELS-SM
2435,K2 Infragen Limited,K2INFRA,Industrial Services,Engineering & Construction,False,False,False,False,False,False,False,False,False,False,K2INFRA-SM
2436,Richa Info Systems Ltd.,RICHA,Electronic Technology,Computer Peripherals,False,False,False,False,False,False,False,False,False,False,RICHA-SM
2437,Grover Jewells Ltd.,GJL,Consumer Durables,Other Consumer Specialties,False,False,False,False,False,False,False,False,False,False,GJL-ST
2438,Banka BioLoo Ltd.,BANKA,Industrial Services,Environmental Services,False,False,False,False,False,False,False,False,False,False,
2439,Agri-Tech (India) Ltd.,AGRITECH,Process Industries,Agricultural Commodities/Milling,False,False,False,False,False,False,False,False,False,False,
2440,Agro Phos India Ltd.,AGROPHOS,Process Industries,Chemicals: Agricultural,False,False,False,False,False,False,False,False,False,False,
2441,Anmol India Ltd.,ANMOL,Distribution Services,Wholesale Distributors,False,False,False,False,False,False,False,False,False,False,
2442,Vaishali Pharma Ltd.,VAISHALI,Health Technology,Pharmaceuticals: Major,False,False,False,False,False,False,False,False,False,False,
2443,IL&FS Transportation Networks Limited,IL&FSTRANS,Industrial Services,Engineering & Construction,False,False,False,False,False,False,False,False,False,False,IL&FSTRANS-BZ
2444,Alkali Metals Ltd.,ALKALI,Process Industries,Chemicals: Specialty,False,False,False,False,False,False,False,False,False,False,
2445,Naman Industries Proxima Limited,NAMAN,Producer Manufacturing,Office Equipment/Supplies,False,False,False,False,False,False,False,False,False,False,NAMAN-SM
2446,Osia Hyper Retail Limited,OSIAHYPER,Retail Trade,Food Retail,False,False,False,False,False,False,False,False,False,False,
2447,Atc Energies System Limited,ATCENERGY,Producer Manufacturing,Electrical Products,False,False,False,False,False,False,False,False,False,False,ATCENERGY-SM
2448,Sundaram Multi Pap Limited,SUNDARAM,Producer Manufacturing,Office Equipment/Supplies,False,False,False,False,False,False,False,False,False,False,
2449,HandsOn Global Management (HGM) Ltd,HGM,Technology Services,Data Processing Services,False,False,False,False,False,False,False,False,False,False,
2450,GACM Technologies Limited,GATECH,Finance,Investment Banks/Brokers,False,False,False,False,False,False,False,False,False,False,
2451,GACM Technologies Limited,GATECHDVR,Finance,Investment Banks/Brokers,False,False,False,False,False,False,False,False,False,False,
2452,Electro Force (India) Limited,EFORCE,Producer Manufacturing,Building Products,False,False,False,False,False,False,False,False,False,False,EFORCE-SM
2453,3P Land Holdings Limited,3PLAND,Finance,Real Estate Development,False,False,False,False,False,False,False,False,False,False,
2454,Trom Industries Limited,TROM,Industrial Services,Engineering & Construction,False,False,False,False,False,False,False,False,False,False,TROM-SM
2455,LCC Infotech Ltd.,LCCINFOTEC,Technology Services,Information Technology Services,False,False,False,False,False,False,False,False,False,False,LCCINFOTEC-BE
2456,Alcokraft Distilleries Limited,ALCODIS,Consumer Non-Durables,Beverages: Alcoholic,False,False,False,False,False,False,False,False,False,False,ALCODIS-SM
2457,Teamo Productions HQ Limited,TPHQ,Industrial Services,Engineering & Construction,False,False,False,False,False,False,False,False,False,False,
2458,Mobilise App Lab Ltd.,MOBILISE,Technology Services,Packaged Software,False,False,False,False,False,False,False,False,False,False,MOBILISE-SM
2459,Graphisads Limited,GRAPHISAD,Commercial Services,Advertising/Marketing Services,False,False,False,False,False,False,False,False,False,False,GRAPHISAD-ST
2460,Future Consumer Limited,FCONSUMER,Consumer Non-Durables,Food: Major Diversified,False,False,False,False,False,False,False,False,False,False,
2461,Vineet Laboratories Ltd.,VINEETLAB,Process Industries,Chemicals: Specialty,False,False,False,False,False,False,False,False,False,False,
2462,Orient Press Limited,ORIENTLTD,Process Industries,Containers/Packaging,False,False,False,False,False,False,False,False,False,False,
2463,Suvidhaa Infoserve Limited,SUVIDHAA,Commercial Services,Miscellaneous Commercial Services,False,False,False,False,False,False,False,False,False,False,
2464,Delta Manufacturing Limited,DELTAMAGNT,Producer Manufacturing,Metal Fabrication,False,False,False,False,False,False,False,False,False,False,
2465,Marushika Technology Limited,MARUSHIKA,Technology Services,Information Technology Services,False,False,False,False,False,False,False,False,False,False,MARUSHIKA-SM
2466,Arvind Port & Infra Ltd.,ARVINDPORT,Transportation,Other Transportation,False,False,False,False,False,False,False,False,False,False,ARVINDPORT-SM
2467,Rachana Infrastructure Limited,RILINFRA,Industrial Services,Engineering & Construction,False,False,False,False,False,False,False,False,False,False,RILINFRA-SM
2468,Brace Port Logistics Limited,BRACEPORT,Transportation,Air Freight/Couriers,False,False,False,False,False,False,False,False,False,False,BRACEPORT-SM
2469,S A Tech Software India Ltd.,SATECH,Technology Services,Information Technology Services,False,False,False,False,False,False,False,False,False,False,SATECH-SM
2470,Onyx Biotec Ltd.,ONYX,Health Technology,Pharmaceuticals: Major,False,False,False,False,False,False,False,False,False,False,ONYX-SM
2471,Sangani Hospital Ltd.,SANGANI,Health Services,Hospital/Nursing Management,False,False,False,False,False,False,False,False,False,False,SANGANI-SM
2472,Vigor Plast India Limited,VIGOR,Producer Manufacturing,Miscellaneous Manufacturing,False,False,False,False,False,False,False,False,False,False,VIGOR-SM
2473,Pulz Electronics Ltd.,PULZ,Consumer Durables,Electronics/Appliances,False,False,False,False,False,False,False,False,False,False,PULZ-SM
2474,Sona Machinery Ltd.,SONAMAC,Producer Manufacturing,Trucks/Construction/Farm Machinery,False,False,False,False,False,False,False,False,False,False,SONAMAC-SM
2475,Dhansa Labs Limited,AMBEY,Process Industries,Chemicals: Agricultural,False,False,False,False,False,False,False,False,False,False,AMBEY-SM
2476,Cambridge Technology Enterprises Limited,CTE,Technology Services,Information Technology Services,False,False,False,False,False,False,False,False,False,False,
2477,Blue Pebble Limited,BLUEPEBBLE,Commercial Services,Miscellaneous Commercial Services,False,False,False,False,False,False,False,False,False,False,BLUEPEBBLE-ST
2478,Hybrid Financial Services Ltd.,HYBRIDFIN,Finance,Investment Banks/Brokers,False,False,False,False,False,False,False,False,False,False,
2479,Paramount Speciality Forgings Limited,PSFL,Producer Manufacturing,Metal Fabrication,False,False,False,False,False,False,False,False,False,False,PSFL-SM
2480,Studio LSD Limited,STUDIOLSD,Consumer Services,Movies/Entertainment,False,False,False,False,False,False,False,False,False,False,STUDIOLSD-SM
2481,Delta Autocorp Limited,DELTIC,Consumer Durables,Motor Vehicles,False,False,False,False,False,False,False,False,False,False,DELTIC-SM
2482,Capital Trust Ltd. (India),CAPTRUST,Finance,Finance/Rental/Leasing,False,False,False,False,False,False,False,False,False,False,CAPTRUST-BE
2483,Cerebra Integrated Technologies Limited,CEREBRAINT,Electronic Technology,Computer Peripherals,False,False,False,False,False,False,False,False,False,False,CEREBRAINT-BZ
2484,Globesecure Technologies Ltd.,GSTL,Distribution Services,Electronics Distributors,False,False,False,False,False,False,False,False,False,False,GSTL-ST
2485,Malu Paper Mills Limited,MALUPAPER,Process Industries,Pulp & Paper,False,False,False,False,False,False,False,False,False,False,
2486,Nandani Creation Ltd.,JAIPURKURT,Consumer Non-Durables,Apparel/Footwear,False,False,False,False,False,False,False,False,False,False,
2487,Atlas Cycles Haryana Ltd.,ATLASCYCLE,Consumer Durables,Motor Vehicles,False,False,False,False,False,False,False,False,False,False,
2488,Damodar Industries Limited,DAMODARIND,Process Industries,Textiles,False,False,False,False,False,False,False,False,False,False,
2489,Onelife Capital Advisors Limited,ONELIFECAP,Finance,Investment Managers,False,False,False,False,False,False,False,False,False,False,
2490,ICDS Ltd.,ICDSLTD,Finance,Finance/Rental/Leasing,False,False,False,False,False,False,False,False,False,False,ICDSLTD-BE
2491,Balkrishna Paper Mills Ltd.,BALKRISHNA,Process Industries,Pulp & Paper,False,False,False,False,False,False,False,False,False,False,
2492,Italian Edibles Limited,ITALIANE,Consumer Non-Durables,Food: Specialty/Candy,False,False,False,False,False,False,False,False,False,False,ITALIANE-ST
2493,Ahlada Engineers Limited,AHLADA,Producer Manufacturing,Building Products,False,False,False,False,False,False,False,False,False,False,
2494,Aki India Limited,AKI,Process Industries,Textiles,False,False,False,False,False,False,False,False,False,False,
2495,Bonlon Industries Ltd,BONLON,Producer Manufacturing,Electrical Products,False,False,False,False,False,False,False,False,False,False,BONLON-BE
2496,Sonu Infratech Ltd.,SONUINFRA,Industrial Services,Engineering & Construction,False,False,False,False,False,False,False,False,False,False,SONUINFRA-SM
2497,We Win Ltd.,WEWIN,Commercial Services,Miscellaneous Commercial Services,False,False,False,False,False,False,False,False,False,False,
2498,Vinny Overseas Ltd.,VINNY,Process Industries,Textiles,False,False,False,False,False,False,False,False,False,False,
2499,Omfurn India Ltd.,OMFURN,Producer Manufacturing,Office Equipment/Supplies,False,False,False,False,False,False,False,False,False,False,OMFURN-SM
2500,Supreme Facility Management Limited,SFML,Commercial Services,Miscellaneous Commercial Services,False,False,False,False,False,False,False,False,False,False,SFML-SM
2501,Pranik Logistics Limited,PRANIK,Transportation,Air Freight/Couriers,False,False,False,False,False,False,False,False,False,False,PRANIK-SM
2502,Biofil Chemicals & Pharmaceuticals Ltd.,BIOFILCHEM,Health Technology,Pharmaceuticals: Major,False,False,False,False,False,False,False,False,False,False,
2503,Rajgor Castor Derivatives Limited,RCDL,Process Industries,Agricultural Commodities/Milling,False,False,False,False,False,False,False,False,False,False,RCDL-SM
2504,Oriental Trimex Limited,ORIENTALTL,Non-Energy Minerals,Construction Materials,False,False,False,False,False,False,False,False,False,False,
2505,Sanginita Chemicals Ltd.,SANGINITA,Process Industries,Chemicals: Specialty,False,False,False,False,False,False,False,False,False,False,SANGINITA-BE
2506,Gayatri Highways Ltd.,GAYAHWS,Industrial Services,Engineering & Construction,False,False,False,False,False,False,False,False,False,False,
2507,Vilin Bio Med Ltd.,VILINBIO,Health Technology,Pharmaceuticals: Major,False,False,False,False,False,False,False,False,False,False,VILINBIO-ST
2508,Dar Credit & Capital Limited,DCCL,Finance,Finance/Rental/Leasing,False,False,False,False,False,False,False,False,False,False,DCCL-SM
2509,Bombay Metrics Supply Chain Ltd.,BMETRICS,Industrial Services,Engineering & Construction,False,False,False,False,False,False,False,False,False,False,BMETRICS-SM
2510,Lead Reclaim & Rubber Products Ltd.,LRRPL,Process Industries,Chemicals: Specialty,False,False,False,False,False,False,False,False,False,False,LRRPL-SM
2511,ARC Insulation & Insulators Limited,ARCIIL,Non-Energy Minerals,Steel,False,False,False,False,False,False,False,False,False,False,ARCIIL-SM
2512,D.K. Enterprises Global Limited,DKEGL,Process Industries,Containers/Packaging,False,False,False,False,False,False,False,False,False,False,DKEGL-SM
2513,Priti International Ltd.,PRITI,Consumer Durables,Home Furnishings,False,False,False,False,False,False,False,False,False,False,
2514,Samay Project Services Limited,SAMAY,Industrial Services,Engineering & Construction,False,False,False,False,False,False,False,False,False,False,SAMAY-SM
2515,TSC India Limited,TSC,Consumer Services,Other Consumer Services,False,False,False,False,False,False,False,False,False,False,TSC-SM
2516,Abha Power & Steel Ltd.,ABHAPOWER,Non-Energy Minerals,Steel,False,False,False,False,False,False,False,False,False,False,ABHAPOWER-SM
2517,Adroit Infotech Limited,ADROITINFO,Commercial Services,Miscellaneous Commercial Services,False,False,False,False,False,False,False,False,False,False,
2518,Excellent Wires & Packaging Limited,EXCELLENT,Producer Manufacturing,Electrical Products,False,False,False,False,False,False,False,False,False,False,EXCELLENT-ST
2519,Vivimed Labs Limited,VIVIMEDLAB,Health Technology,Pharmaceuticals: Major,False,False,False,False,False,False,False,False,False,False,
2520,Mangalam Drugs & Organics Ltd.,MANGALAM,Health Technology,Pharmaceuticals: Major,False,False,False,False,False,False,False,False,False,False,MANGALAM-BE
2521,Konstelec Engineers Limited,KONSTELEC,Industrial Services,Engineering & Construction,False,False,False,False,False,False,False,False,False,False,KONSTELEC-SM
2522,Ansal Properties & Infrastructure Ltd.,ANSALAPI,Finance,Real Estate Development,False,False,False,False,False,False,False,False,False,False,ANSALAPI-BZ
2523,Ravikumar Distilleries Ltd.,RKDL,Consumer Non-Durables,Beverages: Alcoholic,False,False,False,False,False,False,False,False,False,False,
2524,Pentagon Rubber Limited,PENTAGON,Producer Manufacturing,Industrial Machinery,False,False,False,False,False,False,False,False,False,False,PENTAGON-SM
2525,Future Market Networks Limited,FMNL,Transportation,Air Freight/Couriers,False,False,False,False,False,False,False,False,False,False,
2526,Moving Media Entertainment Limited,MMEL,Finance,Finance/Rental/Leasing,False,False,False,False,False,False,False,False,False,False,MMEL-SM
2527,Archies Limited,ARCHIES,Retail Trade,Specialty Stores,False,False,False,False,False,False,False,False,False,False,
2528,Ganga Bath Fittings Limited,GANGABATH,Producer Manufacturing,Building Products,False,False,False,False,False,False,False,False,False,False,GANGABATH-SM
2529,Deccan Transcon Leasing Limited,DECCANTRAN,Transportation,Air Freight/Couriers,False,False,False,False,False,False,False,False,False,False,DECCANTRAN-SM
2530,Rexpro Enterprises Ltd.,REXPRO,Producer Manufacturing,Office Equipment/Supplies,False,False,False,False,False,False,False,False,False,False,REXPRO-SM
2531,Happy Square Outsourcing Services Limited,WHITEFORCE,Commercial Services,Personnel Services,False,False,False,False,False,False,False,False,False,False,WHITEFORCE-SM
2532,Lexus Granito (India) Ltd.,LEXUS,Producer Manufacturing,Building Products,False,False,False,False,False,False,False,False,False,False,LEXUS-BE
2533,Baweja Studios Limited,BAWEJA,Consumer Services,Movies/Entertainment,False,False,False,False,False,False,False,False,False,False,BAWEJA-SM
2534,Karma Energy Limited,KARMAENG,Utilities,Electric Utilities,False,False,False,False,False,False,False,False,False,False,
2535,Khaitan India Ltd.,KHAITANLTD,Consumer Durables,Electronics/Appliances,False,False,False,False,False,False,False,False,False,False,
2536,Integrity Infrabuild Developers Limited,INTEGRITY,Industrial Services,Engineering & Construction,False,False,False,False,False,False,False,False,False,False,INTEGRITY-SM
2537,Chamunda Electrical Limited,CHAMUNDA,Industrial Services,Engineering & Construction,False,False,False,False,False,False,False,False,False,False,CHAMUNDA-SM
2538,Nakoda Group of Industries Ltd.,NGIL,Consumer Non-Durables,Food: Specialty/Candy,False,False,False,False,False,False,False,False,False,False,
2539,Sungarner Energies Limited,SEL,Electronic Technology,Semiconductors,False,False,False,False,False,False,False,False,False,False,SEL-SM
2540,Tamilnadu Telecommunications Ltd.,TNTELE,Producer Manufacturing,Electrical Products,False,False,False,False,False,False,False,False,False,False,
2541,Tarapur Transformers Limited,TARAPUR,Producer Manufacturing,Electrical Products,False,False,False,False,False,False,False,False,False,False,
2542,Akash Infra-Projects Ltd.,AKASH,Industrial Services,Engineering & Construction,False,False,False,False,False,False,False,False,False,False,
2543,Prudential Sugar Corp. Ltd.,PRUDMOULI,Process Industries,Agricultural Commodities/Milling,False,False,False,False,False,False,False,False,False,False,
2544,Bang Overseas Limited,BANG,Consumer Non-Durables,Apparel/Footwear,False,False,False,False,False,False,False,False,False,False,
2545,Viji Finance Ltd.,VIJIFIN,Finance,Finance/Rental/Leasing,False,False,False,False,False,False,False,False,False,False,VIJIFIN-BE
2546,Aditya Ultra Steel Limited,AUSL,Non-Energy Minerals,Steel,False,False,False,False,False,False,False,False,False,False,AUSL-SM
2547,Aatmaj Healthcare Limited,AATMAJ,Health Services,Hospital/Nursing Management,False,False,False,False,False,False,False,False,False,False,AATMAJ-SM
2548,Presstonic Engineering Limited,PRESSTONIC,Producer Manufacturing,Trucks/Construction/Farm Machinery,False,False,False,False,False,False,False,False,False,False,PRESSTONIC-ST
2549,Vertexplus Technologies Ltd.,VERTEXPLUS,Commercial Services,Miscellaneous Commercial Services,False,False,False,False,False,False,False,False,False,False,VERTEXPLUS-SM
2550,Cadsys (India) Ltd.,CADSYS,Technology Services,Packaged Software,False,False,False,False,False,False,False,False,False,False,CADSYS-SM
2551,Auri Grow India Limited,AURIGROW,Producer Manufacturing,Electrical Products,False,False,False,False,False,False,False,False,False,False,
2552,Dhanlaxmi Crop Science Ltd.,DHANLAXMI,Process Industries,Agricultural Commodities/Milling,False,False,False,False,False,False,False,False,False,False,DHANLAXMI-SM
2553,Kontor Space Ltd.,KONTOR,Finance,Real Estate Development,False,False,False,False,False,False,False,False,False,False,KONTOR-SM
2554,Snehaa Organics Ltd.,SNEHAA,Industrial Services,Environmental Services,False,False,False,False,False,False,False,False,False,False,SNEHAA-SM
2555,Celebrity Fashions Limited,CELEBRITY,Consumer Non-Durables,Apparel/Footwear,False,False,False,False,False,False,False,False,False,False,
2556,Siti Networks Limited,SITINET,Consumer Services,Cable/Satellite TV,False,False,False,False,False,False,False,False,False,False,SITINET-BZ
2557,Mittal Life Style Ltd.,MITTAL,Process Industries,Textiles,False,False,False,False,False,False,False,False,False,False,
2558,Manugraph India Limited,MANUGRAPH,Producer Manufacturing,Industrial Machinery,False,False,False,False,False,False,False,False,False,False,
2559,Shiva Mills Ltd.,SHIVAMILLS,Process Industries,Textiles,False,False,False,False,False,False,False,False,False,False,
2560,ABM International Ltd.,ABMINTLLTD,Industrial Services,Engineering & Construction,False,False,False,False,False,False,False,False,False,False,ABMINTLLTD-BE
2561,Swastik Pipe Ltd.,SWASTIK,Producer Manufacturing,Industrial Machinery,False,False,False,False,False,False,False,False,False,False,SWASTIK-SM
2562,Golden Tobacco Limited,GOLDENTOBC,Finance,Real Estate Development,False,False,False,False,False,False,False,False,False,False,GOLDENTOBC-BZ
2563,Sundrex Oil Company Limited,SOCL,Process Industries,Industrial Specialties,False,False,False,False,False,False,False,False,False,False,SOCL-SM
2564,Baba Food Processing (India) Limited,BABAFP,Process Industries,Agricultural Commodities/Milling,False,False,False,False,False,False,False,False,False,False,BABAFP-SM
2565,Shekhawati Industries Limited,SHEKHAWATI,Process Industries,Textiles,False,False,False,False,False,False,False,False,False,False,
2566,Manas Polymers & Energies Ltd.,MPEL,Process Industries,Containers/Packaging,False,False,False,False,False,False,False,False,False,False,MPEL-SM
2567,Ambica Agarbathies & Aroma Industries Ltd.,AMBICAAGAR,Process Industries,Chemicals: Major Diversified,False,False,False,False,False,False,False,False,False,False,
2568,Rulka Electricals Ltd,RULKA,Industrial Services,Engineering & Construction,False,False,False,False,False,False,False,False,False,False,RULKA-SM
2569,Sagardeep Alloys Ltd.,SAGARDEEP,Non-Energy Minerals,Other Metals/Minerals,False,False,False,False,False,False,False,False,False,False,
2570,Nirman Agri Genetics Ltd.,NIRMAN,Process Industries,Agricultural Commodities/Milling,False,False,False,False,False,False,False,False,False,False,NIRMAN-ST
2571,Akshar Spintex Ltd.,AKSHAR,Process Industries,Textiles,False,False,False,False,False,False,False,False,False,False,
2572,Mask Investments Ltd,MASKINVEST,Finance,Finance/Rental/Leasing,False,False,False,False,False,False,False,False,False,False,
2573,Auro Impex & Chemicals Ltd.,AUROIMPEX,Producer Manufacturing,Industrial Machinery,False,False,False,False,False,False,False,False,False,False,AUROIMPEX-SM
2574,AGS Transact Technologies Ltd.,AGSTRA,Commercial Services,Miscellaneous Commercial Services,False,False,False,False,False,False,False,False,False,False,AGSTRA-BZ
2575,Homesfy Realty Ltd.,HOMESFY,Technology Services,Internet Software/Services,False,False,False,False,False,False,False,False,False,False,HOMESFY-SM
2576,Newmalayalam Steel Limited,NMSTEEL,Non-Energy Minerals,Steel,False,False,False,False,False,False,False,False,False,False,NMSTEEL-SM
2577,MCON Rasayan India Ltd.,MCON,Non-Energy Minerals,Construction Materials,False,False,False,False,False,False,False,False,False,False,MCON-SM
2578,HB Stockholdings Ltd.,HBSL,Finance,Investment Banks/Brokers,False,False,False,False,False,False,False,False,False,False,
2579,Lakshmi Finance & Industrial Corp. Ltd.,LFIC,Finance,Financial Conglomerates,False,False,False,False,False,False,False,False,False,False,
2580,A G Universal Limited,AGUL,Non-Energy Minerals,Steel,False,False,False,False,False,False,False,False,False,False,AGUL-SM
2581,Vishwas Agri Seeds Limited,VISHWAS,Process Industries,Agricultural Commodities/Milling,False,False,False,False,False,False,False,False,False,False,VISHWAS-SM
2582,Ashoka Metcast Limited,ASHOKAMET,Producer Manufacturing,Metal Fabrication,False,False,False,False,False,False,False,False,False,False,
2583,Blue Coast Hotels Limited,BLUECOAST,Consumer Services,Hotels/Resorts/Cruise lines,False,False,False,False,False,False,False,False,False,False,
2584,ARO Granite Industries Limited,AROGRANITE,Non-Energy Minerals,Construction Materials,False,False,False,False,False,False,False,False,False,False,
2585,Synoptics Technologies Limited,SYNOPTICS,Technology Services,Information Technology Services,False,False,False,False,False,False,False,False,False,False,SYNOPTICS-SM
2586,Agni Green Power Ltd.,AGNI,Utilities,Electric Utilities,False,False,False,False,False,False,False,False,False,False,AGNI-SM
2587,Quicktouch Technologies Limited,QUICKTOUCH,Technology Services,Information Technology Services,False,False,False,False,False,False,False,False,False,False,QUICKTOUCH-SM
2588,N.K. Industries Ltd.,NKIND,Process Industries,Agricultural Commodities/Milling,False,False,False,False,False,False,False,False,False,False,
2589,Unilex Colours & Chemicals Limited,UNILEX,Process Industries,Chemicals: Specialty,False,False,False,False,False,False,False,False,False,False,UNILEX-SM
2590,Ganga Forging Ltd.,GANGAFORGE,Producer Manufacturing,Metal Fabrication,False,False,False,False,False,False,False,False,False,False,
2591,Lasa Supergenerics Ltd.,LASA,Health Technology,Pharmaceuticals: Major,False,False,False,False,False,False,False,False,False,False,
2592,Madhucon Projects Limited,MADHUCON,Industrial Services,Engineering & Construction,False,False,False,False,False,False,False,False,False,False,
2593,Sanwaria Consumer Ltd,SANWARIA,Process Industries,Agricultural Commodities/Milling,False,False,False,False,False,False,False,False,False,False,
2594,Victory Electric Vehicles International Limited,VICTORYEV,Consumer Durables,Motor Vehicles,False,False,False,False,False,False,False,False,False,False,VICTORYEV-SM
2595,Armour Security (India) Ltd.,ARMOUR,Commercial Services,Miscellaneous Commercial Services,False,False,False,False,False,False,False,False,False,False,ARMOUR-SM
2596,Bulkcorp International Limited,BULKCORP,Process Industries,Containers/Packaging,False,False,False,False,False,False,False,False,False,False,BULKCORP-SM
2597,Country Condo's Limited,COUNCODOS,Finance,Real Estate Development,False,False,False,False,False,False,False,False,False,False,
2598,Divyadhan Recycling Industries Ltd.,DIVYADHAN,Process Industries,Textiles,False,False,False,False,False,False,False,False,False,False,DIVYADHAN-SM
2599,Kanani Industries Limited,KANANIIND,Consumer Durables,Other Consumer Specialties,False,False,False,False,False,False,False,False,False,False,
2600,Phoenix Overseas Limited,PHOGLOBAL,Consumer Non-Durables,Consumer Sundries,False,False,False,False,False,False,False,False,False,False,PHOGLOBAL-SM
2601,HRH Next Services Limited,HRHNEXT,Commercial Services,Miscellaneous Commercial Services,False,False,False,False,False,False,False,False,False,False,HRHNEXT-SM
2602,Diligent Media Corp. Ltd.,DNAMEDIA,Consumer Services,Publishing: Newspapers,False,False,False,False,False,False,False,False,False,False,
2603,Simbhaoli Sugars Ltd,SIMBHALS,Process Industries,Agricultural Commodities/Milling,False,False,False,False,False,False,False,False,False,False,SIMBHALS-BZ
2604,AKG Exim Ltd.,AKG,Distribution Services,Wholesale Distributors,False,False,False,False,False,False,False,False,False,False,
2605,V.L.Infraprojects Limited,VLINFRA,Industrial Services,Engineering & Construction,False,False,False,False,False,False,False,False,False,False,VLINFRA-SM
2606,STL Global Limited,SGL,Process Industries,Textiles,False,False,False,False,False,False,False,False,False,False,
2607,GSS Infotech Limited,GSS,Technology Services,Information Technology Services,False,False,False,False,False,False,False,False,False,False,
2608,Mohit Industries Limited,MOHITIND,Process Industries,Textiles,False,False,False,False,False,False,False,False,False,False,
2609,SVP Global Textiles Limited,SVPGLOB,Distribution Services,Wholesale Distributors,False,False,False,False,False,False,False,False,False,False,
2610,Eastern Silk Industries Limited,EASTSILK,Process Industries,Textiles,False,False,False,False,False,False,False,False,False,False,EASTSILK-BE
2611,Grand Foundry Ltd.,GFSTEELS,Non-Energy Minerals,Steel,False,False,False,False,False,False,False,False,False,False,
2612,Teerth Gopicon Ltd.,TGL,Industrial Services,Engineering & Construction,False,False,False,False,False,False,False,False,False,False,TGL-ST
2613,Tree House Education & Accessories Limited,TREEHOUSE,Consumer Services,Other Consumer Services,False,False,False,False,False,False,False,False,False,False,TREEHOUSE-BE
2614,Future Enterprises Ltd,FEL,Process Industries,Textiles,False,False,False,False,False,False,False,False,False,False,FEL-BZ
2615,Future Enterprises Ltd. Class B,FELDVR,Process Industries,Textiles,False,False,False,False,False,False,False,False,False,False,FELDVR-BZ
2616,Medicamen Organics Ltd.,MEDIORG,Health Technology,Pharmaceuticals: Major,False,False,False,False,False,False,False,False,False,False,MEDIORG-SM
2617,Deem Roll-Tech Ltd.,DEEM,Non-Energy Minerals,Steel,False,False,False,False,False,False,False,False,False,False,DEEM-SM
2618,Archidply Decor Ltd,ADL,Commercial Services,Miscellaneous Commercial Services,False,False,False,False,False,False,False,False,False,False,
2619,Palred Technologies Limited,PALREDTEC,Distribution Services,Electronics Distributors,False,False,False,False,False,False,False,False,False,False,
2620,Cedaar Textile Ltd.,CEDAAR,Process Industries,Textiles,False,False,False,False,False,False,False,False,False,False,CEDAAR-SM
2621,DSJ Keep Learning Limited,KEEPLEARN,Commercial Services,Miscellaneous Commercial Services,False,False,False,False,False,False,False,False,False,False,
2622,Arshiya Limited,ARSHIYA,Commercial Services,Miscellaneous Commercial Services,False,False,False,False,False,False,False,False,False,False,ARSHIYA-BZ
2623,Pritish Nandy Communications Limited,PNC,Consumer Services,Movies/Entertainment,False,False,False,False,False,False,False,False,False,False,
2624,Cyber Media (India) Limited,CYBERMEDIA,Consumer Services,Publishing: Books/Magazines,False,False,False,False,False,False,False,False,False,False,
2625,Identical Brains Studios Limited,IDENTICAL,Consumer Services,Movies/Entertainment,False,False,False,False,False,False,False,False,False,False,IDENTICAL-SM
2626,Twentyfirst Century Management Services Limited,21STCENMGM,Finance,Investment Banks/Brokers,False,False,False,False,False,False,False,False,False,False,
2627,Rollatainers Limited,ROLLT,Process Industries,Containers/Packaging,False,False,False,False,False,False,False,False,False,False,ROLLT-BE
2628,Madhav Marbles & Granites Ltd.,MADHAV,Non-Energy Minerals,Construction Materials,False,False,False,False,False,False,False,False,False,False,
2629,Arunaya Organics Limited,ARUNAYA,Process Industries,Chemicals: Specialty,False,False,False,False,False,False,False,False,False,False,ARUNAYA-SM
2630,Nagreeka Capital & Infrastructure Limited,NAGREEKCAP,Finance,Investment Banks/Brokers,False,False,False,False,False,False,False,False,False,False,
2631,Micropro Software Solutions Limited,MICROPRO,Technology Services,Packaged Software,False,False,False,False,False,False,False,False,False,False,MICROPRO-SM
2632,Seya Industries Ltd.,SEYAIND,Process Industries,Chemicals: Major Diversified,False,False,False,False,False,False,False,False,False,False,SEYAIND-BE
2633,Williamson Magor & Co.Ltd.,WILLAMAGOR,Finance,Financial Conglomerates,False,False,False,False,False,False,False,False,False,False,
2634,Cell Point (India) Limited,CELLPOINT,Retail Trade,Electronics/Appliance Stores,False,False,False,False,False,False,False,False,False,False,CELLPOINT-SM
2635,Shri Kanha Stainless Limited,SHRIKANHA,Non-Energy Minerals,Steel,False,False,False,False,False,False,False,False,False,False,SHRIKANHA-SM
2636,Yudiz Solutions Limited,YUDIZ,Technology Services,Packaged Software,False,False,False,False,False,False,False,False,False,False,YUDIZ-ST
2637,Infomedia Press Ltd.,INFOMEDIA,Consumer Services,Publishing: Books/Magazines,False,False,False,False,False,False,False,False,False,False,
2638,Kalana Ispat Ltd.,KALANA,Non-Energy Minerals,Steel,False,False,False,False,False,False,False,False,False,False,KALANA-ST
2639,Next Mediaworks Limited,NEXTMEDIA,Consumer Services,Broadcasting,False,False,False,False,False,False,False,False,False,False,
2640,Kaushalya Infrastructure Development Corporation Ltd,KAUSHALYA,Industrial Services,Engineering & Construction,False,False,False,False,False,False,False,False,False,False,
2641,Morarjee Textiles Limited,MORARJEE,Process Industries,Textiles,False,False,False,False,False,False,False,False,False,False,MORARJEE-BZ
2642,Signoria Creation Limited,SIGNORIA,Consumer Non-Durables,Apparel/Footwear,False,False,False,False,False,False,False,False,False,False,SIGNORIA-SM
2643,Libas Consumer Products Ltd.,LIBAS,Consumer Non-Durables,Apparel/Footwear,False,False,False,False,False,False,False,False,False,False,
2644,Shubhlaxmi Jewel Art Ltd.,SHUBHLAXMI,Consumer Durables,Other Consumer Specialties,False,False,False,False,False,False,False,False,False,False,SHUBHLAXMI-SM
2645,Vaxtex Cotfab Ltd,VCL,Process Industries,Textiles,False,False,False,False,False,False,False,False,False,False,
2646,Medistep Healthcare Limited,MEDISTEP,Consumer Non-Durables,Household/Personal Care,False,False,False,False,False,False,False,False,False,False,MEDISTEP-ST
2647,Super Spinning Mills Limited,SUPERSPIN,Process Industries,Textiles,False,False,False,False,False,False,False,False,False,False,
2648,Paramount Dye Tec Limited,PARAMOUNT,Process Industries,Textiles,False,False,False,False,False,False,False,False,False,False,PARAMOUNT-SM
2649,California Software Co. Ltd.,CALSOFT,Technology Services,Information Technology Services,False,False,False,False,False,False,False,False,False,False,
2650,Pearl Polymers Limited,PEARLPOLY,Process Industries,Containers/Packaging,False,False,False,False,False,False,False,False,False,False,
2651,Galaxy Medicare Limited,GML,Health Technology,Medical Specialties,False,False,False,False,False,False,False,False,False,False,GML-ST
2652,Bikewo Green Tech Limited,BIKEWO,Retail Trade,Specialty Stores,False,False,False,False,False,False,False,False,False,False,BIKEWO-ST
2653,QVC Exports Limited,QVCEL,Distribution Services,Wholesale Distributors,False,False,False,False,False,False,False,False,False,False,QVCEL-SM
2654,TGB Banquets & Hotels Ltd.,TGBHOTELS,Consumer Services,Hotels/Resorts/Cruise lines,False,False,False,False,False,False,False,False,False,False,
2655,Supreme Engineering Ltd.,SUPREMEENG,Non-Energy Minerals,Steel,False,False,False,False,False,False,False,False,False,False,SUPREMEENG-BZ
2656,Lamosaic India Ltd.,LAMOSAIC,Distribution Services,Wholesale Distributors,False,False,False,False,False,False,False,False,False,False,LAMOSAIC-SM
2657,Tapi Fruit Processing Ltd.,TAPIFRUIT,Consumer Non-Durables,Food: Specialty/Candy,False,False,False,False,False,False,False,False,False,False,TAPIFRUIT-SM
2658,TECIL Chemicals & Hydro Power Ltd,TECILCHEM,Process Industries,Chemicals: Major Diversified,False,False,False,False,False,False,False,False,False,False,
2659,Sri Havisha Hospitality And Infrastructure Ltd,HAVISHA,Distribution Services,Wholesale Distributors,False,False,False,False,False,False,False,False,False,False,
2660,Bohra Industries Ltd.,BOHRAIND,Process Industries,Chemicals: Agricultural,False,False,False,False,False,False,False,False,False,False,BOHRAIND-BE
2661,Neelam Linens and Garments (India) Limited,NEELAM,Consumer Durables,Home Furnishings,False,False,False,False,False,False,False,False,False,False,NEELAM-SM
2662,Mahalaxmi Fabric Mills Limited,MFML,Process Industries,Textiles,False,False,False,False,False,False,False,False,False,False,
2663,Future Lifestyle Fashions Ltd.,FLFL,Retail Trade,Apparel/Footwear Retail,False,False,False,False,False,False,False,False,False,False,FLFL-BZ
2664,Khandwala Securities Limited,KHANDSE,Finance,Investment Banks/Brokers,False,False,False,False,False,False,False,False,False,False,
2665,Shrenik Limited,SHRENIK,Distribution Services,Wholesale Distributors,False,False,False,False,False,False,False,False,False,False,SHRENIK-BZ
2666,Laxmi Cotspin Ltd.,LAXMICOT,Process Industries,Textiles,False,False,False,False,False,False,False,False,False,False,LAXMICOT-BE
2667,Kridhan Infra Limited,KRIDHANINF,Non-Energy Minerals,Steel,False,False,False,False,False,False,False,False,False,False,
2668,Kshitij Polyline Ltd.,KSHITIJPOL,Process Industries,Containers/Packaging,False,False,False,False,False,False,False,False,False,False,KSHITIJPOL-BE
2669,Picturepost Studios Limited,PPSL,Consumer Services,Movies/Entertainment,False,False,False,False,False,False,False,False,False,False,PPSL-SM
2670,Ankit Metal & Power Limited,ANKITMETAL,Non-Energy Minerals,Steel,False,False,False,False,False,False,False,False,False,False,ANKITMETAL-BZ
2671,Marinetrans India Ltd.,MARINETRAN,Transportation,Other Transportation,False,False,False,False,False,False,False,False,False,False,MARINETRAN-SM
2672,Nidan Laboratories and Healthcare Limited,NIDAN,Health Services,Medical/Nursing Services,False,False,False,False,False,False,False,False,False,False,NIDAN-SM
2673,Gujarat Raffia Industries Limited,GUJRAFFIA,Producer Manufacturing,Miscellaneous Manufacturing,False,False,False,False,False,False,False,False,False,False,
2674,Agarwal Float Glass India Limited,AGARWALFT,Distribution Services,Wholesale Distributors,False,False,False,False,False,False,False,False,False,False,AGARWALFT-SM
2675,Mono Pharmacare Limited,MONOPHARMA,Distribution Services,Medical Distributors,False,False,False,False,False,False,False,False,False,False,MONOPHARMA-SM
2676,Flexituff Ventures International Limited,FLEXITUFF,Process Industries,Containers/Packaging,False,False,False,False,False,False,False,False,False,False,
2677,TV Vision Ltd.,TVVISION,Consumer Services,Broadcasting,False,False,False,False,False,False,False,False,False,False,
2678,Mandeep Auto Industries Limited,MANDEEP,Producer Manufacturing,Building Products,False,False,False,False,False,False,False,False,False,False,MANDEEP-SM
2679,SKIL Infrastructure Limited,SKIL,Industrial Services,Engineering & Construction,False,False,False,False,False,False,False,False,False,False,
2680,Silly Monks Entertainment Ltd.,SILLYMONKS,Consumer Services,Movies/Entertainment,False,False,False,False,False,False,False,False,False,False,
2681,Yasons Chemex Care Limited,YCCL,Process Industries,Chemicals: Specialty,False,False,False,False,False,False,False,False,False,False,YCCL-SM
2682,Manglam Infra & Engineering Ltd.,MIEL,Industrial Services,Engineering & Construction,False,False,False,False,False,False,False,False,False,False,MIEL-SM
2683,SP Refractories Ltd.,SPRL,Non-Energy Minerals,Construction Materials,False,False,False,False,False,False,False,False,False,False,SPRL-SM
2684,TCI Finance Limited,TCIFINANCE,Finance,Finance/Rental/Leasing,False,False,False,False,False,False,False,False,False,False,
2685,SPP Polymer Ltd.,SPPPOLY,Process Industries,Textiles,False,False,False,False,False,False,False,False,False,False,SPPPOLY-SM
2686,Shree Ram Proteins Ltd.,SRPL,Process Industries,Agricultural Commodities/Milling,False,False,False,False,False,False,False,False,False,False,
2687,Aspire & Innovative Advertising Limited,ASPIRE,Distribution Services,Wholesale Distributors,False,False,False,False,False,False,False,False,False,False,ASPIRE-SM
2688,Astron Paper & Board Mill Ltd.,ASTRON,Process Industries,Containers/Packaging,False,False,False,False,False,False,False,False,False,False,
2689,Bil Vyapar Ltd,BILVYAPAR,Consumer Durables,Home Furnishings,False,False,False,False,False,False,False,False,False,False,BILVYAPAR-BE
2690,Shanthala FMCG Products Ltd.,SHANTHALA,Distribution Services,Food Distributors,False,False,False,False,False,False,False,False,False,False,SHANTHALA-SM
2691,Visagar Polytex Limited,VIVIDHA,Process Industries,Textiles,False,False,False,False,False,False,False,False,False,False,
2692,Radiowalla Network Limited,RADIOWALLA,Technology Services,Packaged Software,False,False,False,False,False,False,False,False,False,False,RADIOWALLA-SM
2693,Usha Martin Education & Solutions Limited,UMESLTD,Producer Manufacturing,Metal Fabrication,False,False,False,False,False,False,False,False,False,False,UMESLTD-BE
2694,Ace Integrated Solutions Ltd.,ACEINTEG,Technology Services,Data Processing Services,False,False,False,False,False,False,False,False,False,False,
2695,JHS Svendgaard Retail Ventures Pvt Ltd,RETAIL,Retail Trade,Food Retail,False,False,False,False,False,False,False,False,False,False,
2696,Continental Seeds & Chemicals Ltd.,CONTI,Non-Energy Minerals,Forest Products,False,False,False,False,False,False,False,False,False,False,CONTI-SM
2697,Radaan Mediaworks (I) Ltd.,RADAAN,Consumer Services,Movies/Entertainment,False,False,False,False,False,False,False,False,False,False,
2698,Tridhya Tech Limited,TRIDHYA,Technology Services,Packaged Software,False,False,False,False,False,False,False,False,False,False,TRIDHYA-SM
2699,Blue Chip India Ltd,BLUECHIP,Finance,Finance/Rental/Leasing,False,False,False,False,False,False,False,False,False,False,
2700,Cyber Media Research & Services Ltd.,CMRSL,Technology Services,Data Processing Services,False,False,False,False,False,False,False,False,False,False,CMRSL-SM
2701,G-Tech Jainx Education Ltd.,GTECJAINX,Commercial Services,Miscellaneous Commercial Services,False,False,False,False,False,False,False,False,False,False,
2702,Precision Metaliks Ltd.,PRECISION,Non-Energy Minerals,Aluminum,False,False,False,False,False,False,False,False,False,False,PRECISION-SM
2703,Boss Packaging Solutions Limited,BOSS,Producer Manufacturing,Industrial Machinery,False,False,False,False,False,False,False,False,False,False,BOSS-SM
2704,Thinking Hats Entertainment Solutions Limited,THESL,Commercial Services,Miscellaneous Commercial Services,False,False,False,False,False,False,False,False,False,False,THESL-SM
2705,Debock Industries Limited,DIL,Producer Manufacturing,Trucks/Construction/Farm Machinery,False,False,False,False,False,False,False,False,False,False,
2706,Heads UP Ventures Limited,HEADSUP,Retail Trade,Apparel/Footwear Retail,False,False,False,False,False,False,False,False,False,False,
2707,Sunrest Lifescience Limited,SUNREST,Health Technology,Pharmaceuticals: Major,False,False,False,False,False,False,False,False,False,False,
2708,MEP Infrastructure Developers Ltd.,MEP,Transportation,Other Transportation,False,False,False,False,False,False,False,False,False,False,MEP-BZ
2709,Lypsa Gems & Jewellery Ltd.,LYPSAGEMS,Consumer Durables,Other Consumer Specialties,False,False,False,False,False,False,False,False,False,False,
2710,Sati Poly Plast Ltd.,SATIPOLY,Process Industries,Chemicals: Specialty,False,False,False,False,False,False,False,False,False,False,SATIPOLY-SM
2711,Gujarat Lease Financing Limited,GLFL,Finance,Finance/Rental/Leasing,False,False,False,False,False,False,False,False,False,False,GLFL-BE
2712,CLC Industries Limited,CLCIND,Process Industries,Textiles,False,False,False,False,False,False,False,False,False,False,CLCIND-BE
2713,Gajanand International Ltd.,GAJANAND,Process Industries,Agricultural Commodities/Milling,False,False,False,False,False,False,False,False,False,False,GAJANAND-SM
2714,Veritaas Advertising Ltd.,VERITAAS,Commercial Services,Advertising/Marketing Services,False,False,False,False,False,False,False,False,False,False,VERITAAS-SM
2715,Jiwanram Sheoduttrai Industries Ltd.,JIWANRAM,Consumer Non-Durables,Apparel/Footwear,False,False,False,False,False,False,False,False,False,False,JIWANRAM-SM
2716,Creative Eye Limited,CREATIVEYE,Consumer Services,Movies/Entertainment,False,False,False,False,False,False,False,False,False,False,
2717,Impex Ferro Tech Ltd,IMPEXFERRO,Non-Energy Minerals,Other Metals/Minerals,False,False,False,False,False,False,False,False,False,False,IMPEXFERRO-BZ
2718,Tijaria Polypipes Limited,TIJARIA,Producer Manufacturing,Miscellaneous Manufacturing,False,False,False,False,False,False,False,False,False,False,TIJARIA-BE
2719,Eurotex Industries & Exports Ltd.,EUROTEXIND,Process Industries,Textiles,False,False,False,False,False,False,False,False,False,False,
2720,Antarctica Ltd,ANTGRAPHIC,Process Industries,Containers/Packaging,False,False,False,False,False,False,False,False,False,False,
2721,Saroja Pharma Industries India Ltd.,SAROJA,Distribution Services,Wholesale Distributors,False,False,False,False,False,False,False,False,False,False,SAROJA-SM
2722,Winsome Yarns Ltd,WINSOME,Consumer Non-Durables,Apparel/Footwear,False,False,False,False,False,False,False,False,False,False,WINSOME-BZ
2723,Transwind Infrastructures Ltd.,TRANSWIND,Industrial Services,Engineering & Construction,False,False,False,False,False,False,False,False,False,False,TRANSWIND-SM
2724,Docmode Health Technologies Limited,DHTL,Technology Services,Internet Software/Services,False,False,False,False,False,False,False,False,False,False,DHTL-SM
2725,Uniinfo Telecom Services Ltd.,UNIINFO,Communications,Specialty Telecommunications,False,False,False,False,False,False,False,False,False,False,
2726,DCM Financial Services Limited,DCMFINSERV,Finance,Finance/Rental/Leasing,False,False,False,False,False,False,False,False,False,False,DCMFINSERV-BE
2727,Inspire Films Ltd.,INSPIRE,Consumer Services,Movies/Entertainment,False,False,False,False,False,False,False,False,False,False,INSPIRE-SM
2728,Globale Tessile Ltd,GLOBALE,Process Industries,Textiles,False,False,False,False,False,False,False,False,False,False,
2729,Niraj Ispat Industries Ltd,NIRAJISPAT,Producer Manufacturing,Miscellaneous Manufacturing,False,False,False,False,False,False,False,False,False,False,NIRAJISPAT-BE
2730,Univa Foods Limited,UNIVAFOODS,Miscellaneous,Miscellaneous,False,False,False,False,False,False,False,False,False,False,
2731,Educomp Solutions Limited,EDUCOMP,Commercial Services,Miscellaneous Commercial Services,False,False,False,False,False,False,False,False,False,False,
2732,Rajdarshan Industries Limited,ARENTERP,Non-Energy Minerals,Construction Materials,False,False,False,False,False,False,False,False,False,False,
2733,Ortin Global Ltd,ORTINGLOBE,Health Technology,Pharmaceuticals: Major,False,False,False,False,False,False,False,False,False,False,ORTINGLOBE-BE
2734,SAB Events & Governance Now Media Ltd.,SABEVENTS,Technology Services,Internet Software/Services,False,False,False,False,False,False,False,False,False,False,SABEVENTS-BE
2735,Shyam Telecom Limited,SHYAMTEL,Electronic Technology,Telecommunications Equipment,False,False,False,False,False,False,False,False,False,False,
2736,Net Avenue Technologies Ltd.,CBAZAAR,Retail Trade,Apparel/Footwear Retail,False,False,False,False,False,False,False,False,False,False,CBAZAAR-SM
2737,MT Educare Ltd,MTEDUCARE,Consumer Services,Other Consumer Services,False,False,False,False,False,False,False,False,False,False,MTEDUCARE-BE
2738,Indifra Ltd.,INDIFRA,Electronic Technology,Semiconductors,False,False,False,False,False,False,False,False,False,False,INDIFRA-SM
2739,Winny Immigration & Education Services Ltd.,WINNY,Commercial Services,Miscellaneous Commercial Services,False,False,False,False,False,False,False,False,False,False,WINNY-SM
2740,Premier Limited,PREMIER,Producer Manufacturing,Industrial Machinery,False,False,False,False,False,False,False,False,False,False,PREMIER-BE
2741,Compuage Infocom Ltd,COMPINFO,Technology Services,Information Technology Services,False,False,False,False,False,False,False,False,False,False,COMPINFO-BZ
2742,Plada Infotech Services Limited,PLADAINFO,Commercial Services,Miscellaneous Commercial Services,False,False,False,False,False,False,False,False,False,False,PLADAINFO-SM
2743,Omkar Speciality Chemicals Limited,OMKARCHEM,Process Industries,Chemicals: Specialty,False,False,False,False,False,False,False,False,False,False,OMKARCHEM-BZ
2744,Sabar Flex India Ltd.,SABAR,Process Industries,Containers/Packaging,False,False,False,False,False,False,False,False,False,False,SABAR-ST
2745,Shanti Overseas (India) Ltd.,SHANTI,Process Industries,Agricultural Commodities/Milling,False,False,False,False,False,False,False,False,False,False,
2746,Solve Plastic Products Limited,BALCO,Producer Manufacturing,Miscellaneous Manufacturing,False,False,False,False,False,False,False,False,False,False,BALCO-SM
2747,Falcon Technoprojects India Ltd.,FALCONTECH,Industrial Services,Engineering & Construction,False,False,False,False,False,False,False,False,False,False,FALCONTECH-SM
2748,Rite Zone Chemcon India Ltd.,RITEZONE,Process Industries,Chemicals: Major Diversified,False,False,False,False,False,False,False,False,False,False,RITEZONE-SM
2749,Lakshmi Precision Screws Limited,LAKPRE,Producer Manufacturing,Metal Fabrication,False,False,False,False,False,False,False,False,False,False,LAKPRE-BZ
2750,Ortel Communications Limited,ORTEL,Consumer Services,Cable/Satellite TV,False,False,False,False,False,False,False,False,False,False,ORTEL-BZ
2751,CMI Limited,CMICABLES,Producer Manufacturing,Electrical Products,False,False,False,False,False,False,False,False,False,False,
2752,Setubandhan Infrastructure Ltd,SETUINFRA,Industrial Services,Engineering & Construction,False,False,False,False,False,False,False,False,False,False,SETUINFRA-BZ
2753,Quintegra Solutions Limited,QUINTEGRA,Technology Services,Information Technology Services,False,False,False,False,False,False,False,False,False,False,
2754,Bharatiya Global Infomedia Limited,BGLOBAL,Commercial Services,Miscellaneous Commercial Services,False,False,False,False,False,False,False,False,False,False,
2755,Sanco Industries Ltd,SANCO,Producer Manufacturing,Miscellaneous Manufacturing,False,False,False,False,False,False,False,False,False,False,SANCO-BZ
2756,Jalan Transolutions (India) Limited,JALAN,Transportation,Air Freight/Couriers,False,False,False,False,False,False,False,False,False,False,JALAN-SM
